"coordenadas","X","Y","Name","description","timestamp","begin","end","altitudeMode","tessellate","extrude","visibility","drawOrder","icon","lugar","entrecalles","colonia","calle","numero_exterior","atrapados","lesionados","desaparecidos","fallecidos","rescatados","link_google_maps","lon","lat","entidad","tipo_reporte","direccion_Verificado","calle_Verificado","numero_Verificado","colonia_Verificado","cp_Verificado","ciudad_municipio_Verificado","estado_Verificado","pais_Verificado","lat_Verificado","long_Verificado"
"-99.056, 19.253",-99.056,19.253,"Derrumbe","lugar: <br>entrecalles: av mexico y cuahutemoc<br>colonia: San Gregorio Atlapulco<br>calle: <br>numero_exterior: <br>atrapados: <br>lesionados: 5<br>desaparecidos: <br>fallecidos: 4<br>rescatados: <br>link_google_maps: https://www.google.com.mx/maps/place/San+Gregorio+Atlapulco,+Mexico+City,+CDMX/@19.2529116,-99.0560438,19z/data=!4m5!3m4!1s0x85ce03672ae3919d:0xd1263fbdc5b1e493!8m2!3d19.2531573!4d-99.0557268<br>lon: -99.056<br>lat: 19.253<br>entidad: cdmx<br>tipo_reporte: proteccion civil",NA,NA,NA,NA,-1,0,-1,NA,NA,"","av mexico y cuahutemoc","San Gregorio Atlapulco","","","","5",NA,"4",NA,"https://www.google.com.mx/maps/place/San+Gregorio+Atlapulco,+Mexico+City,+CDMX/@19.2529116,-99.0560438,19z/data=!4m5!3m4!1s0x85ce03672ae3919d:0xd1263fbdc5b1e493!8m2!3d19.2531573!4d-99.0557268",-99.056,19.253,"cdmx","proteccion civil","Av. México 7, Xochimilco, 16600 Ciudad de México, CDMX, Mexico","Avenida México","7","Xochimilco","16600","Ciudad de México","Ciudad de México","Mexico",19.253,-99.056
"-99.058, 19.422",-99.058,19.422,"Derrumbe de Barda","lugar: Escuela secundaria pública técnica<br>entrecalles: Calle Seis y Av. Circunvalación s/N<br>colonia: Cuchilla Pantitlán<br>calle: <br>numero_exterior: <br>atrapados: 0<br>lesionados: 0<br>desaparecidos: 0<br>fallecidos: 0<br>rescatados: 0<br>link_google_maps: https://www.google.com.mx/maps/place/Escuela+Secundaria+Técnica+No.+66+Francisco+J.+Múgica/@19.4221677,-99.0581927,15z/data=!4m5!3m4!1s0x0:0x54897abb1c663351!8m2!3d19.4221677!4d-99.0581927<br>lon: -99.058<br>lat: 19.422<br>entidad: CDMX<br>tipo_reporte:",NA,NA,NA,NA,-1,0,-1,NA,NA,"Escuela secundaria pública técnica","Calle Seis y Av. Circunvalación s/N","Cuchilla Pantitlán","","","0","0",0,"0",0,"https://www.google.com.mx/maps/place/Escuela+Secundaria+Técnica+No.+66+Francisco+J.+Múgica/@19.4221677,-99.0581927,15z/data=!4m5!3m4!1s0x0:0x54897abb1c663351!8m2!3d19.4221677!4d-99.0581927",-99.058,19.422,"CDMX","","Calle 6 471, Cuchilla Pantitlán, 15610 Ciudad de México, CDMX, Mexico","Calle 6","471","Cuchilla Pantitlán","15610","Ciudad de México","Ciudad de México","Mexico",19.422,-99.058
"-99.076, 19.245",-99.076,19.245,"Derrumbe","lugar: <br>entrecalles: av Calvario y Lic. Pedro Benavides<br>colonia: santa cruz<br>calle: <br>numero_exterior: <br>atrapados: <br>lesionados: <br>desaparecidos: <br>fallecidos: <br>rescatados: <br>link_google_maps: https://www.google.com.mx/maps/place/Lic.+Pedro+Benavides+%26+Del+Calvario,+Santa+Cruz+Acalpixca,+16500+Ciudad+de+M%C3%A9xico,+CDMX/@19.2445601,-99.0763337,17z/data=!3m1!4b1!4m5!3m4!1s0x85ce04742c234a45:0x1d21c935385a0a5c!8m2!3d19.244555!4d-99.074145<br>lon: -99.076<br>lat: 19.245<br>entidad: cdmx<br>tipo_reporte: proteccion civil",NA,NA,NA,NA,-1,0,-1,NA,NA,"","av Calvario y Lic. Pedro Benavides","santa cruz","","","","",NA,"",NA,"https://www.google.com.mx/maps/place/Lic.+Pedro+Benavides+%26+Del+Calvario,+Santa+Cruz+Acalpixca,+16500+Ciudad+de+M%C3%A9xico,+CDMX/@19.2445601,-99.0763337,17z/data=!3m1!4b1!4m5!3m4!1s0x85ce04742c234a45:0x1d21c935385a0a5c!8m2!3d19.244555!4d-99.074145",-99.076,19.245,"cdmx","proteccion civil","Calle Lázaro Cárdenas 3, Santa Cruz Acalpixca, 16500 Ciudad de México, CDMX, Mexico","Calle Lázaro Cárdenas","3","Santa Cruz Acalpixca","16500","Ciudad de México","Ciudad de México","Mexico",19.245,-99.076
"-99.0845049, 19.3943899",-99.0845049,19.3943899,"Daño Mayor","lugar: residencial<br>entrecalles: Sur 20 y sur 16<br>colonia: Agrícola Oriental<br>calle: Oriente 229<br>numero_exterior: 379<br>atrapados: <br>lesionados: <br>desaparecidos: <br>fallecidos: <br>rescatados: <br>link_google_maps: https://goo.gl/maps/r9Qh6fcV7yF2<br>lon: -99.0845049000<br>lat: 19.3943899000<br>entidad: Integrara iztacalco<br>tipo_reporte:",NA,NA,NA,NA,-1,0,-1,NA,NA,"residencial","Sur 20 y sur 16","Agrícola Oriental","Oriente 229","379","","",NA,"",NA,"https://goo.gl/maps/r9Qh6fcV7yF2",-99.0845049,19.3943899,"Integrara iztacalco","","Calle 18 MZ19 LT27, El Rodeo, 08510 Ciudad de México, CDMX, Mexico","Calle 18","MZ19 LT27","El Rodeo","08510","Ciudad de México","Ciudad de México","Mexico",19.3943899,-99.0845049
"-99.087, 19.424",-99.087,19.424,"Daño Mayor","lugar: Aeropuerto Internacional de al Ciudad de México<br>entrecalles: <br>colonia: <br>calle: <br>numero_exterior: <br>atrapados: <br>lesionados: <br>desaparecidos: <br>fallecidos: <br>rescatados: <br>link_google_maps: https://www.google.com.mx/maps/place/Mexico+City+International+Airport+(MEX)/@19.4240967,-99.0865854,16z/data=!4m5!3m4!1s0x85d1fc77bd93229f:0x2d07ef561bad244!8m2!3d19.4360762!4d-99.0719083?hl=en<br>lon: -99.087<br>lat: 19.424<br>entidad: Ciudad de México<br>tipo_reporte:",NA,NA,NA,NA,-1,0,-1,NA,NA,"Aeropuerto Internacional de al Ciudad de México","","","","","","",NA,"",NA,"https://www.google.com.mx/maps/place/Mexico+City+International+Airport+(MEX)/@19.4240967,-99.0865854,16z/data=!4m5!3m4!1s0x85d1fc77bd93229f:0x2d07ef561bad244!8m2!3d19.4360762!4d-99.0719083?hl=en",-99.087,19.424,"Ciudad de México","","Fuerza Aérea Mexicana 106, Aeropuerto Int de La Cd de México, 15620 Ciudad de México, CDMX, Mexico","Fuerza Aérea Mexicana","106","Aeropuerto Int de La Cd de México","15620","Ciudad de México","Ciudad de México","Mexico",19.424,-99.087
"-99.097, 19.322",-99.097,19.322,"Derrumbe","lugar: <br>entrecalles: Paseo de las Galias y av tlahuac<br>colonia: lomas estrella<br>calle: <br>numero_exterior: <br>atrapados: 18<br>lesionados: <br>desaparecidos: <br>fallecidos: 5<br>rescatados: 45<br>link_google_maps: https://www.google.com.mx/maps/place/Eje+10+Sur+%26+Paseo+de+Las+Galias,+Lomas+Estrella+2da+Secc,+09890+Ciudad+de+M%C3%A9xico,+CDMX/@19.3221705,-99.0972076,19.52z/data=!4m5!3m4!1s0x85ce021e97ec11b7:0xeb8e46f2576e7935!8m2!3d19.3223825!4d-99.0972587<br>lon: -99.097<br>lat: 19.322<br>entidad: cdmx<br>tipo_reporte: proteccion civil",NA,NA,NA,NA,-1,0,-1,NA,NA,"","Paseo de las Galias y av tlahuac","lomas estrella","","","18","",NA,"5",45,"https://www.google.com.mx/maps/place/Eje+10+Sur+%26+Paseo+de+Las+Galias,+Lomas+Estrella+2da+Secc,+09890+Ciudad+de+M%C3%A9xico,+CDMX/@19.3221705,-99.0972076,19.52z/data=!4m5!3m4!1s0x85ce021e97ec11b7:0xeb8e46f2576e7935!8m2!3d19.3223825!4d-99.0972587",-99.097,19.322,"cdmx","proteccion civil","Paseo de Las Galias 12, Lomas Estrella 2da Secc, 09640 Ciudad de México, CDMX, Mexico","Paseo de Las Galias","12","Lomas Estrella 2da Sección","09640","Ciudad de México","Ciudad de México","Mexico",19.322,-99.097
"-99.106, 19.264",-99.106,19.264,"Derrumbe","lugar: x<br>entrecalles: guadalupe ramirez y pedro ramirez<br>colonia: barrio del rosario<br>calle: <br>numero_exterior: <br>atrapados: <br>lesionados: <br>desaparecidos: <br>fallecidos: <br>rescatados: <br>link_google_maps: https://www.google.com.mx/maps/place/Av.+Guadalupe+I.+Ram%C3%ADrez+%26+Calle+Pedro+Ram%C3%ADrez+del+Castillo,+San+Antonio,+16070+Ciudad+de+M%C3%A9xico,+CDMX/@19.2638972,-99.1058161,19z/data=!4m5!3m4!1s0x85ce015934d9f757:0x5c44c1036cf6577c!8m2!3d19.2638921!4d-99.1052689<br>lon: -99.1060000000<br>lat: 19.2640000000<br>entidad: cdmx<br>tipo_reporte: proteccion civil",NA,NA,NA,NA,-1,0,-1,NA,NA,"x","guadalupe ramirez y pedro ramirez","barrio del rosario","","","","",NA,"",NA,"https://www.google.com.mx/maps/place/Av.+Guadalupe+I.+Ram%C3%ADrez+%26+Calle+Pedro+Ram%C3%ADrez+del+Castillo,+San+Antonio,+16070+Ciudad+de+M%C3%A9xico,+CDMX/@19.2638972,-99.1058161,19z/data=!4m5!3m4!1s0x85ce015934d9f757:0x5c44c1036cf6577c!8m2!3d19.2638921!4d-99.1052689",-99.106,19.264,"cdmx","proteccion civil","Av. Guadalupe I. Ramírez 28, San Antonio, 16000 Ciudad de México, CDMX, Mexico","Avenida Guadalupe I. Ramírez","28","San Antonio","16000","Ciudad de México","Ciudad de México","Mexico",19.264,-99.106
"-99.106, 19.293",-99.106,19.293,"Derrumbe","lugar: puente<br>entrecalles: av mexico y cuahutemoc<br>colonia: barrio 18<br>calle: <br>numero_exterior: <br>atrapados: <br>lesionados: <br>desaparecidos: <br>fallecidos: <br>rescatados: <br>link_google_maps: https://www.google.com.mx/maps/@19.2933211,-99.1061904,3a,75y,211.74h,108.59t/data=!3m7!1e1!3m5!1sj1RY2JKhBHSOrNV2ODeUEg!2e0!6s%2F%2Fgeo1.ggpht.com%2Fcbk%3Fpanoid%3Dj1RY2JKhBHSOrNV2ODeUEg%26output%3Dthumbnail%26cb_client%3Dmaps_sv.tactile.gps%26thumb%3D2%26w%3D203%26h%3D100%26yaw%3D124.54439%26pitch%3D0%26thumbfov%3D100!7i13312!8i6656<br>lon: -99.106<br>lat: 19.293<br>entidad: cdmx<br>tipo_reporte:",NA,NA,NA,NA,-1,0,-1,NA,NA,"puente","av mexico y cuahutemoc","barrio 18","","","","",NA,"",NA,"https://www.google.com.mx/maps/@19.2933211,-99.1061904,3a,75y,211.74h,108.59t/data=!3m7!1e1!3m5!1sj1RY2JKhBHSOrNV2ODeUEg!2e0!6s%2F%2Fgeo1.ggpht.com%2Fcbk%3Fpanoid%3Dj1RY2JKhBHSOrNV2ODeUEg%26output%3Dthumbnail%26cb_client%3Dmaps_sv.tactile.gps%26thumb%3D2%26w%3D203%26h%3D100%26yaw%3D124.54439%26pitch%3D0%26thumbfov%3D100!7i13312!8i6656",-99.106,19.293,"cdmx","","Anillo Perif. Blvd. Adolfo Ruiz Cortines 7611, Vaso de Regulación, 16034 Ciudad de México, CDMX, Mexico","Anillo Periférico Boulevard Adolfo Ruiz Cortines","7611","Vaso de Regulación","16034","Ciudad de México","Ciudad de México","Mexico",19.293,-99.106
"-99.111, 19.317",-99.111,19.317,"Derrumbe","lugar: barda<br>entrecalles: 10 de abril y anenecuilco<br>colonia: uh emiliano zapata<br>calle: <br>numero_exterior: <br>atrapados: <br>lesionados: <br>desaparecidos: <br>fallecidos: <br>rescatados: <br>link_google_maps: https://www.google.com.mx/maps/place/10+de+Abril+%26+Anenecuilco,+Popular+Emiliano+Zapata,+04919+Ciudad+de+M%C3%A9xico,+CDMX/@19.3165437,-99.1111852,18.03z/data=!4m5!3m4!1s0x85ce018d2b6936e5:0xe1f43f046db77ffc!8m2!3d19.3166315!4d-99.1099325?hl=es-419<br>lon: -99.111<br>lat: 19.317<br>entidad: cdmx<br>tipo_reporte:",NA,NA,NA,NA,-1,0,-1,NA,NA,"barda","10 de abril y anenecuilco","uh emiliano zapata","","","","",NA,"",NA,"https://www.google.com.mx/maps/place/10+de+Abril+%26+Anenecuilco,+Popular+Emiliano+Zapata,+04919+Ciudad+de+M%C3%A9xico,+CDMX/@19.3165437,-99.1111852,18.03z/data=!4m5!3m4!1s0x85ce018d2b6936e5:0xe1f43f046db77ffc!8m2!3d19.3166315!4d-99.1099325?hl=es-419",-99.111,19.317,"cdmx","","Soto y Gama 65, Popular Emiliano Zapata, 04919 Ciudad de México, CDMX, Mexico","Soto y Gama","65","Popular Emiliano Zapata","04919","Ciudad de México","Ciudad de México","Mexico",19.317,-99.111
"-99.12, 19.336",-99.12,19.336,"Derrumbe","lugar: <br>entrecalles: av. santa ana y ejido<br>colonia: Santa Cruz Atoyac<br>calle: <br>numero_exterior: <br>atrapados: <br>lesionados: <br>desaparecidos: <br>fallecidos: <br>rescatados: <br>link_google_maps: https://www.google.com.mx/maps/place/Ejido+%26+Sta.+Ana,+San+Francisco+Culhuacan,+San+Francisco+Culhuacan+de+San+Francisco,+04260+Ciudad+de+M%C3%A9xico,+CDMX/@19.3355689,-99.1195387,18.9z/data=!4m5!3m4!1s0x85ce01e169b27a57:0xd0a5974829b9a8a5!8m2!3d19.3355837!4d-99.1188329?hl=es-419<br>lon: -99.120<br>lat: 19.336<br>entidad: cdmx<br>tipo_reporte: proteccion civil",NA,NA,NA,NA,-1,0,-1,NA,NA,"","av. santa ana y ejido","Santa Cruz Atoyac","","","","",NA,"",NA,"https://www.google.com.mx/maps/place/Ejido+%26+Sta.+Ana,+San+Francisco+Culhuacan,+San+Francisco+Culhuacan+de+San+Francisco,+04260+Ciudad+de+M%C3%A9xico,+CDMX/@19.3355689,-99.1195387,18.9z/data=!4m5!3m4!1s0x85ce01e169b27a57:0xd0a5974829b9a8a5!8m2!3d19.3355837!4d-99.1188329?hl=es-419",-99.12,19.336,"cdmx","proteccion civil","Calle Sta Ana 24BIS, San Francisco Culhuacan, San Francisco Culhuacan de Sta Ana, 04260 Ciudad de México, CDMX, Mexico","Calle Santa Ana","24BIS","San Francisco Culhuacan de Santa Ana","04260","Ciudad de México","Ciudad de México","Mexico",19.336,-99.12
"-99.122, 19.357",-99.122,19.357,"Derrumbe","lugar: <br>entrecalles: ermita iztapalapa y calzada de la viga<br>colonia: bandijal<br>calle: sur<br>numero_exterior: 71 a<br>atrapados: <br>lesionados: <br>desaparecidos: <br>fallecidos: <br>rescatados: <br>link_google_maps: https://www.google.com.mx/maps/place/Eje+2+Ote+%26+Ermita+Iztapalapa,+Mexicaltzingo,+09099+Ciudad+de+M%C3%A9xico,+CDMX/@19.3572272,-99.1222548,19.01z/data=!4m5!3m4!1s0x85d1fe15de58b285:0x3f5468416886d81b!8m2!3d19.3576245!4d-99.1219436?hl=es-419<br>lon: -99.1220000000<br>lat: 19.3570000000<br>entidad: cdmx<br>tipo_reporte: proteccion civil",NA,NA,NA,NA,-1,0,-1,NA,NA,"","ermita iztapalapa y calzada de la viga","bandijal","sur","71 a","","",NA,"",NA,"https://www.google.com.mx/maps/place/Eje+2+Ote+%26+Ermita+Iztapalapa,+Mexicaltzingo,+09099+Ciudad+de+M%C3%A9xico,+CDMX/@19.3572272,-99.1222548,19.01z/data=!4m5!3m4!1s0x85d1fe15de58b285:0x3f5468416886d81b!8m2!3d19.3576245!4d-99.1219436?hl=es-419",-99.122,19.357,"cdmx","proteccion civil","Calz. de la Viga 118, Prado Churubusco, 04230 Ciudad de México, CDMX, Mexico","Calzada de la Viga","118","Prado Churubusco","04230","Ciudad de México","Ciudad de México","Mexico",19.357,-99.122
"-99.12286, 19.493795",-99.12286,19.493795,"Derrumbe","lugar: residencial<br>entrecalles: Sierravista y Ticomán<br>colonia: Lindavista<br>calle: Coquimbo<br>numero_exterior: 911<br>atrapados: <br>lesionados: <br>desaparecidos: <br>fallecidos: <br>rescatados: <br>link_google_maps: https://www.google.com/maps/place/Coquimbo+907,+Lindavista,+07300+Ciudad+de+M%C3%A9xico,+CDMX,+Mexico/@19.4932245,-99.1253009,17z/data=!3m1!4b1!4m5!3m4!1s0x85d1f997ef81781b:0x9bb676c9efd4fcbf!8m2!3d19.493224!4d-99.123112<br>lon: -99.1228600000<br>lat: 19.4937950000<br>entidad: CDMX<br>tipo_reporte:",NA,NA,NA,NA,-1,0,-1,NA,NA,"residencial","Sierravista y Ticomán","Lindavista","Coquimbo","911","","",NA,"",NA,"https://www.google.com/maps/place/Coquimbo+907,+Lindavista,+07300+Ciudad+de+M%C3%A9xico,+CDMX,+Mexico/@19.4932245,-99.1253009,17z/data=!3m1!4b1!4m5!3m4!1s0x85d1f997ef81781b:0x9bb676c9efd4fcbf!8m2!3d19.493224!4d-99.123112",-99.12286,19.493795,"CDMX","","Coquimbo 902, Lindavista, 07300 Ciudad de México, CDMX, Mexico","Coquimbo","902","Lindavista","07300","Ciudad de México","Ciudad de México","Mexico",19.493795,-99.12286
"-99.123, 19.362",-99.123,19.362,"Daños","lugar: <br>entrecalles: calzada de la viga y Anastasio G. Sarabia<br>colonia: heroes rio churubusco<br>calle: <br>numero_exterior: <br>atrapados: <br>lesionados: <br>desaparecidos: <br>fallecidos: <br>rescatados: <br>link_google_maps: https://www.google.com.mx/maps/place/FONT%C3%81STIKO/@19.3617115,-99.1227088,18z/data=!3m1!4b1!4m5!3m4!1s0x85d1fe15156adc1b:0x51774c1bc11b71f4!8m2!3d19.3617115!4d-99.1220004?hl=es-419<br>lon: -99.123<br>lat: 19.362<br>entidad: cdmx<br>tipo_reporte:",NA,NA,NA,NA,-1,0,-1,NA,NA,"","calzada de la viga y Anastasio G. Sarabia","heroes rio churubusco","","","","",NA,"",NA,"https://www.google.com.mx/maps/place/FONT%C3%81STIKO/@19.3617115,-99.1227088,18z/data=!3m1!4b1!4m5!3m4!1s0x85d1fe15156adc1b:0x51774c1bc11b71f4!8m2!3d19.3617115!4d-99.1220004?hl=es-419",-99.123,19.362,"cdmx","","Prol. Emiliano Zapata 1000, Modelo, 09250 Ciudad de México, CDMX, Mexico","Prolongación Emiliano Zapata","1000","Modelo","09250","Ciudad de México","Ciudad de México","Mexico",19.362,-99.123
"-99.125, 19.303",-99.125,19.303,"Derrumbe","lugar: <br>entrecalles: calzada del huevo y rancho del arco<br>colonia: <br>calle: <br>numero_exterior: <br>atrapados: <br>lesionados: <br>desaparecidos: <br>fallecidos: <br>rescatados: <br>link_google_maps: https://www.google.com.mx/maps/place/Calz.+del+Hueso+%26+Rancho+de+Los+Arcos,+Girasoles+II,+04920+Ciudad+de+M%C3%A9xico,+CDMX/@19.3033546,-99.1251791,17z/data=!3m1!4b1!4m5!3m4!1s0x85ce01980e595fe7:0xaf9c91a83d84ed22!8m2!3d19.3033546!4d-99.1229904?hl=es-419<br>lon: -99.125<br>lat: 19.303<br>entidad: <br>tipo_reporte:",NA,NA,NA,NA,-1,0,-1,NA,NA,"","calzada del huevo y rancho del arco","","","","","",NA,"",NA,"https://www.google.com.mx/maps/place/Calz.+del+Hueso+%26+Rancho+de+Los+Arcos,+Girasoles+II,+04920+Ciudad+de+M%C3%A9xico,+CDMX/@19.3033546,-99.1251791,17z/data=!3m1!4b1!4m5!3m4!1s0x85ce01980e595fe7:0xaf9c91a83d84ed22!8m2!3d19.3033546!4d-99.1229904?hl=es-419",-99.125,19.303,"","","Av. Canal de Miramontes 3155, Vergel Coapa, 14320 Ciudad de México, CDMX, Mexico","Avenida Canal de Miramontes","3155","Vergel Coapa","14320","Ciudad de México","Ciudad de México","Mexico",19.303,-99.125
"-99.125, 19.305",-99.125,19.305,"Derrumbe","lugar: <br>entrecalles: rancho los arcos y calzada del hueso<br>colonia: los girasoles<br>calle: <br>numero_exterior: <br>atrapados: <br>lesionados: <br>desaparecidos: <br>fallecidos: 1<br>rescatados: 10<br>link_google_maps: https://www.google.com.mx/maps/place/Calz.+del+Hueso+%26+Rancho+de+Los+Arcos,+Girasoles+I,+04920+Ciudad+de+M%C3%A9xico,+CDMX/@19.3037524,-99.1255481,16.57z/data=!4m5!3m4!1s0x85ce01980e595fe7:0xed1dc69532f13f3d!8m2!3d19.3033084!4d-99.1228743?hl=es-419<br>lon: -99.1250000000<br>lat: 19.3050000000<br>entidad: cdmx<br>tipo_reporte: proteccion civil",NA,NA,NA,NA,-1,0,-1,NA,NA,"","rancho los arcos y calzada del hueso","los girasoles","","","","",NA,"1",10,"https://www.google.com.mx/maps/place/Calz.+del+Hueso+%26+Rancho+de+Los+Arcos,+Girasoles+I,+04920+Ciudad+de+M%C3%A9xico,+CDMX/@19.3037524,-99.1255481,16.57z/data=!4m5!3m4!1s0x85ce01980e595fe7:0xed1dc69532f13f3d!8m2!3d19.3033084!4d-99.1228743?hl=es-419",-99.125,19.305,"cdmx","proteccion civil","Av. Canal de Miramontes 3026, Girasoles II, 04920 Ciudad de México, CDMX, Mexico","Avenida Canal de Miramontes","3026","Girasoles II","04920","Ciudad de México","Ciudad de México","Mexico",19.305,-99.125
"-99.126, 19.292",-99.126,19.292,"Derrumbe","lugar: <br>entrecalles: acoxpa y trancas<br>colonia: <br>calle: <br>numero_exterior: <br>atrapados: <br>lesionados: <br>desaparecidos: <br>fallecidos: <br>rescatados: <br>link_google_maps: https://www.google.com.mx/maps/place/Calz+Acoxpa+%26+Av.+las+Trancas,+Narciso+Mendoza,+14390+Ciudad+de+M%C3%A9xico,+CDMX/@19.2920581,-99.1255281,17z/data=!3m1!4b1!4m5!3m4!1s0x85ce0175536934e3:0xf7ca53cd437c5764!8m2!3d19.2920581!4d-99.1233394?hl=es-419<br>lon: -99.126<br>lat: 19.292<br>entidad: <br>tipo_reporte:",NA,NA,NA,NA,-1,0,-1,NA,NA,"","acoxpa y trancas","","","","","",NA,"",NA,"https://www.google.com.mx/maps/place/Calz+Acoxpa+%26+Av.+las+Trancas,+Narciso+Mendoza,+14390+Ciudad+de+M%C3%A9xico,+CDMX/@19.2920581,-99.1255281,17z/data=!3m1!4b1!4m5!3m4!1s0x85ce0175536934e3:0xf7ca53cd437c5764!8m2!3d19.2920581!4d-99.1233394?hl=es-419",-99.126,19.292,"","","Av. Canal de Miramontes 3755, Narciso Mendoza Super Manzana 5 Villa Coapa, 14390 Ciudad de México, CDMX, Mexico","Avenida Canal de Miramontes","3755","Narciso Mendoza Super Manzana 5 Villa Coapa","14390","Ciudad de México","Ciudad de México","Mexico",19.292,-99.126
"-99.126, 19.306",-99.126,19.306,"Derrumbe","lugar: <br>entrecalles: miramontes y calzada del hueso<br>colonia: los girasoles<br>calle: <br>numero_exterior: <br>atrapados: <br>lesionados: <br>desaparecidos: <br>fallecidos: 3<br>rescatados: <br>link_google_maps: https://www.google.com.mx/maps/place/Churrascaria+Coapa/@19.3060213,-99.1263214,17z/data=!4m5!3m4!1s0x85ce0106b83b3f61:0xd360d40778f85781!8m2!3d19.30995!4d-99.124358<br>lon: -99.1260000000<br>lat: 19.3060000000<br>entidad: cdmx<br>tipo_reporte: proteccion civil",NA,NA,NA,NA,-1,0,-1,NA,NA,"","miramontes y calzada del hueso","los girasoles","","","","",NA,"3",NA,"https://www.google.com.mx/maps/place/Churrascaria+Coapa/@19.3060213,-99.1263214,17z/data=!4m5!3m4!1s0x85ce0106b83b3f61:0xd360d40778f85781!8m2!3d19.30995!4d-99.124358",-99.126,19.306,"cdmx","proteccion civil","Rancho Guadalupe, Girasoles III, 04920 Ciudad de México, CDMX, Mexico","Rancho Guadalupe",NA,"Girasoles III","04920","Ciudad de México","Ciudad de México","Mexico",19.306,-99.126
"-99.127, 19.329",-99.127,19.329,"Derrumbe","lugar: barda<br>entrecalles: santa ana y ejido santa cruz<br>colonia: san francisco culhuacan<br>calle: <br>numero_exterior: <br>atrapados: <br>lesionados: 4<br>desaparecidos: <br>fallecidos: 1<br>rescatados: <br>link_google_maps: https://www.google.com.mx/maps/place/Avenida+Santa+Ana+%26+Ejido+Santa+Cruz+Atoyac,+Ex-Ejido+de+San+Francisco+Culhuacan,+04470+Ciudad+de+M%C3%A9xico,+CDMX/@19.3294365,-99.1271179,17z/data=!3m1!4b1!4m5!3m4!1s0x85ce01dd14df71db:0x804641297b0bf96a!8m2!3d19.3294365!4d-99.1249292?hl=es-419<br>lon: -99.1270000000<br>lat: 19.3290000000<br>entidad: cdmx<br>tipo_reporte: proteccion civil",NA,NA,NA,NA,-1,0,-1,NA,NA,"barda","santa ana y ejido santa cruz","san francisco culhuacan","","","","4",NA,"1",NA,"https://www.google.com.mx/maps/place/Avenida+Santa+Ana+%26+Ejido+Santa+Cruz+Atoyac,+Ex-Ejido+de+San+Francisco+Culhuacan,+04470+Ciudad+de+M%C3%A9xico,+CDMX/@19.3294365,-99.1271179,17z/data=!3m1!4b1!4m5!3m4!1s0x85ce01dd14df71db:0x804641297b0bf96a!8m2!3d19.3294365!4d-99.1249292?hl=es-419",-99.127,19.329,"cdmx","proteccion civil","Rómulo Valdez Romero 13, Presidentes Ejidales 1ra Secc, 04470 Ciudad de México, CDMX, Mexico","Rómulo Valdez Romero","13","Presidentes Ejidales 1ra Sección","04470","Ciudad de México","Ciudad de México","Mexico",19.329,-99.127
"-99.1311086, 19.4372966",-99.1311086,19.4372966,"Daño Mayor","lugar: Edificio del SNTE<br>entrecalles: República de Argentina y el Carmen<br>colonia: Centro<br>calle: República de Venezuela<br>numero_exterior: 38<br>atrapados: <br>lesionados: <br>desaparecidos: <br>fallecidos: <br>rescatados: <br>link_google_maps: https://www.google.com.mx/maps/@19.4372918,-99.1305572,3a,75y,36.24h,101.04t/data=!3m6!1e1!3m4!1s5uTWa6RSRVkt45nt3NeDpA!2e0!7i13312!8i6656<br>lon: -99.1311086000<br>lat: 19.4372966000<br>entidad: Ciudad de México<br>tipo_reporte:",NA,NA,NA,NA,-1,0,-1,NA,NA,"Edificio del SNTE","República de Argentina y el Carmen","Centro","República de Venezuela","38","","",NA,"",NA,"https://www.google.com.mx/maps/@19.4372918,-99.1305572,3a,75y,36.24h,101.04t/data=!3m6!1e1!3m4!1s5uTWa6RSRVkt45nt3NeDpA!2e0!7i13312!8i6656",-99.1311086,19.4372966,"Ciudad de México","","República de Venezuela 25-29, Centro Histórico, Centro, 06000 Ciudad de México, CDMX, Mexico","República de Venezuela","25-29","Centro","06000","Ciudad de México","Ciudad de México","Mexico",19.4372966,-99.1311086
"-99.132, 19.297",-99.132,19.297,"Derrumbe","lugar: escolar<br>entrecalles: calzada de las brujas y división del norte<br>colonia: nueva oriental coapa<br>calle: <br>numero_exterior: <br>atrapados: <br>lesionados: <br>desaparecidos: <br>fallecidos: 7<br>rescatados: <br>link_google_maps: https://www.google.com.mx/maps/place/Av.+Division+del+Nte.+%26+Calz+de+las+Brujas,+Prados+Coapa+2da+Secc,+14357+Ciudad+de+M%C3%A9xico,+CDMX/@19.2966658,-99.1322727,18.09z/data=!4m5!3m4!1s0x85ce01a68cdd93a1:0xb5a40c55b0e565fb!8m2!3d19.2966443!4d-99.1313808?hl=es-419<br>lon: -99.132<br>lat: 19.297<br>entidad: cdmx<br>tipo_reporte: proteccion civil",NA,NA,NA,NA,-1,0,-1,NA,NA,"escolar","calzada de las brujas y división del norte","nueva oriental coapa","","","","",NA,"7",NA,"https://www.google.com.mx/maps/place/Av.+Division+del+Nte.+%26+Calz+de+las+Brujas,+Prados+Coapa+2da+Secc,+14357+Ciudad+de+M%C3%A9xico,+CDMX/@19.2966658,-99.1322727,18.09z/data=!4m5!3m4!1s0x85ce01a68cdd93a1:0xb5a40c55b0e565fb!8m2!3d19.2966443!4d-99.1313808?hl=es-419",-99.132,19.297,"cdmx","proteccion civil","Hacienda de San José de Vista Hermosa 29, Prados Coapa 2da Secc, 14357 Ciudad de México, CDMX, Mexico","Hacienda de San José de Vista Hermosa","29","Prados Coapa 2da Sección","14357","Ciudad de México","Ciudad de México","Mexico",19.297,-99.132
"-99.1324038, 19.2724324",-99.1324038,19.2724324,"Derrumbe","lugar: iglesia<br>entrecalles: guadalupe ramirez y 16 de septiembre<br>colonia: <br>calle: <br>numero_exterior: <br>atrapados: <br>lesionados: <br>desaparecidos: <br>fallecidos: <br>rescatados: <br>link_google_maps: https://www.google.com.mx/maps/place/Av.+Guadalupe+I.+Ram%C3%ADrez+%26+Av+16+de+Septiembre,+Santa+Mar%C3%ADa+Tepepan,+16020+Ciudad+de+M%C3%A9xico,+CDMX/@19.2724324,-99.1324038,19z/data=!4m5!3m4!1s0x85ce0116e3b64505:0xb4526c26cddc80a6!8m2!3d19.272559!4d-99.1317386?hl=es-419<br>lon: -99.1324038000<br>lat: 19.2724324000<br>entidad: <br>tipo_reporte:",NA,NA,NA,NA,-1,0,-1,NA,NA,"iglesia","guadalupe ramirez y 16 de septiembre","","","","","",NA,"",NA,"https://www.google.com.mx/maps/place/Av.+Guadalupe+I.+Ram%C3%ADrez+%26+Av+16+de+Septiembre,+Santa+Mar%C3%ADa+Tepepan,+16020+Ciudad+de+M%C3%A9xico,+CDMX/@19.2724324,-99.1324038,19z/data=!4m5!3m4!1s0x85ce0116e3b64505:0xb4526c26cddc80a6!8m2!3d19.272559!4d-99.1317386?hl=es-419",-99.1324038,19.2724324,"","","Miguel Hidalgo 18, Santa María Tepepan, 16020 Ciudad de México, CDMX, Mexico","Miguel Hidalgo","18","Santa María Tepepan","16020","Ciudad de México","Ciudad de México","Mexico",19.2724324,-99.1324038
"-99.133, 19.297",-99.133,19.297,"Derrumbe","lugar: escuela enrique rebsamen<br>entrecalles: <br>colonia: nueva oriental tlalpan<br>calle: rancho tamboreo<br>numero_exterior: 11<br>atrapados: <br>lesionados: <br>desaparecidos: <br>fallecidos: <br>rescatados: <br>link_google_maps: https://www.google.com.mx/maps/place/Rancho+Tamboreo+11,+Nueva+Oriental+Coapa,+14300+Ciudad+de+M%C3%A9xico,+CDMX/@19.297015,-99.1323065,17.33z/data=!4m5!3m4!1s0x85ce01a69665a55b:0xc8ae9f60f90c02ea!8m2!3d19.296988!4d-99.1305338?hl=es-419<br>lon: -99.133<br>lat: 19.297<br>entidad: cdmx<br>tipo_reporte:",NA,NA,NA,NA,-1,0,-1,NA,NA,"escuela enrique rebsamen","","nueva oriental tlalpan","rancho tamboreo","11","","",NA,"",NA,"https://www.google.com.mx/maps/place/Rancho+Tamboreo+11,+Nueva+Oriental+Coapa,+14300+Ciudad+de+M%C3%A9xico,+CDMX/@19.297015,-99.1323065,17.33z/data=!4m5!3m4!1s0x85ce01a69665a55b:0xc8ae9f60f90c02ea!8m2!3d19.296988!4d-99.1305338?hl=es-419",-99.133,19.297,"cdmx","","Hacienda de Totoapan 30, Prados Coapa 2da Secc, 14357 Ciudad de México, CDMX, Mexico","Hacienda de Totoapan","30","Prados Coapa 2da Sección","14357","Ciudad de México","Ciudad de México","Mexico",19.297,-99.133
"-99.1366756, 19.4170186",-99.1366756,19.4170186,"Daños","lugar: <br>entrecalles: san antonio abad y chavero<br>colonia: Tránsito<br>calle: Alfredo Chavero<br>numero_exterior: <br>atrapados: <br>lesionados: <br>desaparecidos: <br>fallecidos: <br>rescatados: <br>link_google_maps: https://www.google.com.mx/maps/place/Calz.+San+Antonio+Abad+%26+Calle+Alfredo+Chavero,+Tr%C3%A1nsito,+06820+Ciudad+de+M%C3%A9xico,+CDMX/@19.4170186,-99.1366756,17z/data=!3m1!4b1!4m5!3m4!1s0x85d1fec4b52eb657:0x2b90bf15a76ea43b!8m2!3d19.4170136!4d-99.1344869<br>lon: -99.1366756000<br>lat: 19.4170186000<br>entidad: Ciudad de México<br>tipo_reporte:",NA,NA,NA,NA,-1,0,-1,NA,NA,"","san antonio abad y chavero","Tránsito","Alfredo Chavero","","","",NA,"",NA,"https://www.google.com.mx/maps/place/Calz.+San+Antonio+Abad+%26+Calle+Alfredo+Chavero,+Tr%C3%A1nsito,+06820+Ciudad+de+M%C3%A9xico,+CDMX/@19.4170186,-99.1366756,17z/data=!3m1!4b1!4m5!3m4!1s0x85d1fec4b52eb657:0x2b90bf15a76ea43b!8m2!3d19.4170136!4d-99.1344869",-99.1366756,19.4170186,"Ciudad de México","","Calle Alfredo Chavero 127, Obrera, 06800 Ciudad de México, CDMX, Mexico","Calle Alfredo Chavero","127","Obrera","06800","Ciudad de México","Ciudad de México","Mexico",19.4170186,-99.1366756
"-99.137, 19.317",-99.137,19.317,"Derrumbe","lugar: escuela montesquieu<br>entrecalles: <br>colonia: <br>calle: <br>numero_exterior: <br>atrapados: <br>lesionados: <br>desaparecidos: <br>fallecidos: <br>rescatados: <br>link_google_maps: https://www.google.com.mx/maps/place/COLEGIO+MONTESQUIEU/@19.3165082,-99.1368913,17z/data=!3m1!4b1!4m5!3m4!1s0x85ce01c80842de07:0xa690652f6182a230!8m2!3d19.3165082!4d-99.1347026?hl=es-419<br>lon: -99.137<br>lat: 19.317<br>entidad: <br>tipo_reporte:",NA,NA,NA,NA,-1,0,-1,NA,NA,"escuela montesquieu","","","","","","",NA,"",NA,"https://www.google.com.mx/maps/place/COLEGIO+MONTESQUIEU/@19.3165082,-99.1368913,17z/data=!3m1!4b1!4m5!3m4!1s0x85ce01c80842de07:0xa690652f6182a230!8m2!3d19.3165082!4d-99.1347026?hl=es-419",-99.137,19.317,"","","Av. Division del Nte. 368, Coyoacán, 04870 Ciudad de México, CDMX, Mexico","Avenida Division del Norte","368","Coyoacán","04870","Ciudad de México","Ciudad de México","Mexico",19.317,-99.137
"-99.1372099, 19.4456975",-99.1372099,19.4456975,"Derrumbe","lugar: <br>entrecalles: comonfort y jaime nuno<br>colonia: morelos<br>calle: <br>numero_exterior: <br>atrapados: <br>lesionados: <br>desaparecidos: <br>fallecidos: <br>rescatados: <br>link_google_maps: https://www.google.com.mx/maps/place/Calle+Comonfort+%26+Calle+Jaime+Nuno,+Lagunilla,+Morelos,+06200+Ciudad+de+M%C3%A9xico,+CDMX/@19.4450774,-99.1366387,17.4z/data=!4m5!3m4!1s0x85d1f92ff8776557:0x3a91717851d0a4d2!8m2!3d19.4451506!4d-99.1350862?hl=es-419<br>lon: -99.1372099000<br>lat: 19.4456975000<br>entidad: cdmx<br>tipo_reporte:",NA,NA,NA,NA,-1,0,-1,NA,NA,"","comonfort y jaime nuno","morelos","","","","",NA,"",NA,"https://www.google.com.mx/maps/place/Calle+Comonfort+%26+Calle+Jaime+Nuno,+Lagunilla,+Morelos,+06200+Ciudad+de+M%C3%A9xico,+CDMX/@19.4450774,-99.1366387,17.4z/data=!4m5!3m4!1s0x85d1f92ff8776557:0x3a91717851d0a4d2!8m2!3d19.4451506!4d-99.1350862?hl=es-419",-99.1372099,19.4456975,"cdmx","","Paseo de la Reforma 131, Lagunilla, Morelos, 06200 Ciudad de México, CDMX, Mexico","Paseo de la Reforma","131","Morelos","06200","Ciudad de México","Ciudad de México","Mexico",19.4456975,-99.1372099
"-99.138, 19.284",-99.138,19.284,"Derrumbe","lugar: Tec de Monterrey CDMX<br>entrecalles: <br>colonia: Ejidos de Huipilco<br>calle: Calle del Puente<br>numero_exterior: 222<br>atrapados: <br>lesionados: <br>desaparecidos: <br>fallecidos: 10<br>rescatados: <br>link_google_maps: https://www.google.com.mx/maps/place/Tec+de+Monterrey+Ciudad+de+M%C3%A9xico,+M%C3%A9xico/@19.2838273,-99.1383662,17.29z/data=!4m8!1m2!2m1!1sTec+de+Monterrey+CDMX,+mexico!3m4!1s0x0:0xefbfadbc06848b6c!8m2!3d19.2853955!4d-99.1355824?hl=es-419<br>lon: -99.138<br>lat: 19.284<br>entidad: <br>tipo_reporte:",NA,NA,NA,NA,-1,0,-1,NA,NA,"Tec de Monterrey CDMX","","Ejidos de Huipilco","Calle del Puente","222","","",NA,"10",NA,"https://www.google.com.mx/maps/place/Tec+de+Monterrey+Ciudad+de+M%C3%A9xico,+M%C3%A9xico/@19.2838273,-99.1383662,17.29z/data=!4m8!1m2!2m1!1sTec+de+Monterrey+CDMX,+mexico!3m4!1s0x0:0xefbfadbc06848b6c!8m2!3d19.2853955!4d-99.1355824?hl=es-419",-99.138,19.284,"","","Calle Puente 186, Amsa, 14380 Ciudad de México, CDMX, Mexico","Calle Puente","186","Amsa","14380","Ciudad de México","Ciudad de México","Mexico",19.284,-99.138
"-99.138, 19.373",-99.138,19.373,"Derrumbe","lugar: <br>entrecalles: palmarola y bretaña<br>colonia: Zacahuisco<br>calle: <br>numero_exterior: <br>atrapados: <br>lesionados: <br>desaparecidos: <br>fallecidos: <br>rescatados: <br>link_google_maps: https://www.google.com.mx/maps/place/Breta%C3%B1a+%26+Palmarola,+Zacahuitzco,+Ciudad+de+M%C3%A9xico,+CDMX/@19.372785,-99.1381289,17z/data=!3m1!4b1!4m5!3m4!1s0x85d1fe4fbfd8fb8f:0xc65a4a9c08c1f656!8m2!3d19.37278!4d-99.1359402<br>lon: -99.1380000000<br>lat: 19.3730000000<br>entidad: cdmx<br>tipo_reporte: proteccion civil",NA,NA,NA,NA,-1,0,-1,NA,NA,"","palmarola y bretaña","Zacahuisco","","","","",NA,"",NA,"https://www.google.com.mx/maps/place/Breta%C3%B1a+%26+Palmarola,+Zacahuitzco,+Ciudad+de+M%C3%A9xico,+CDMX/@19.372785,-99.1381289,17z/data=!3m1!4b1!4m5!3m4!1s0x85d1fe4fbfd8fb8f:0xc65a4a9c08c1f656!8m2!3d19.37278!4d-99.1359402",-99.138,19.373,"cdmx","proteccion civil","Bretaña 77, Zacahuitzco, 03550 Ciudad de México, CDMX, Mexico","Bretaña","77","Zacahuitzco","03550","Ciudad de México","Ciudad de México","Mexico",19.373,-99.138
"-99.1418991, 19.4383443",-99.1418991,19.4383443,"Derrumbe","lugar: <br>entrecalles: mina 16 y 2 de abril<br>colonia: guerrero<br>calle: <br>numero_exterior: <br>atrapados: <br>lesionados: <br>desaparecidos: <br>fallecidos: <br>rescatados: <br>link_google_maps: https://www.google.com.mx/maps/place/Calle+Mina+%26+2+de+Abril,+Centro+Hist%C3%B3rico,+Guerrero,+06300+Ciudad+de+M%C3%A9xico,+CDMX/@19.4385038,-99.1428839,17.14z/data=!4m5!3m4!1s0x85d1f92bdf7b3315:0x915d1f044e8bfb2b!8m2!3d19.4388871!4d-99.1416908?hl=es-419<br>lon: -99.1418991000<br>lat: 19.4383443000<br>entidad: cdmx<br>tipo_reporte:",NA,NA,NA,NA,-1,0,-1,NA,NA,"","mina 16 y 2 de abril","guerrero","","","","",NA,"",NA,"https://www.google.com.mx/maps/place/Calle+Mina+%26+2+de+Abril,+Centro+Hist%C3%B3rico,+Guerrero,+06300+Ciudad+de+M%C3%A9xico,+CDMX/@19.4385038,-99.1428839,17.14z/data=!4m5!3m4!1s0x85d1f92bdf7b3315:0x915d1f044e8bfb2b!8m2!3d19.4388871!4d-99.1416908?hl=es-419",-99.1418991,19.4383443,"cdmx","","2 de Abril 34, Centro Histórico, Guerrero, 06300 Ciudad de México, CDMX, Mexico","2 de Abril","34","Guerrero","06300","Ciudad de México","Ciudad de México","Mexico",19.4383443,-99.1418991
"-99.14, 19.422",-99.14,19.422,"Derrumbe","lugar: <br>entrecalles: chimalpopoca y simon bolivar<br>colonia: tránsito<br>calle: <br>numero_exterior: <br>atrapados: <br>lesionados: <br>desaparecidos: <br>fallecidos: <br>rescatados: <br>link_google_maps: https://www.google.com.mx/maps/place/Calle+Bolivar+%26+Chimalpopoca,+Obrera,+06080+Ciudad+de+M%C3%A9xico,+CDMX/@19.4226565,-99.1429626,16.46z/data=!4m5!3m4!1s0x85d1fed74cbde319:0x2c8af240b6ab9ebb!8m2!3d19.4222791!4d-99.1400507?hl=es-419<br>lon: -99.1400000000<br>lat: 19.4220000000<br>entidad: cdmx<br>tipo_reporte: proteccion civil",NA,NA,NA,NA,-1,0,-1,NA,NA,"","chimalpopoca y simon bolivar","tránsito","","","","",NA,"",NA,"https://www.google.com.mx/maps/place/Calle+Bolivar+%26+Chimalpopoca,+Obrera,+06080+Ciudad+de+M%C3%A9xico,+CDMX/@19.4226565,-99.1429626,16.46z/data=!4m5!3m4!1s0x85d1fed74cbde319:0x2c8af240b6ab9ebb!8m2!3d19.4222791!4d-99.1400507?hl=es-419",-99.14,19.422,"cdmx","proteccion civil","Calle Bolivar 190, Cuauhtémoc, 06000 Ciudad de México, CDMX, Mexico","Calle Bolivar","190","Cuauhtémoc","06000","Ciudad de México","Ciudad de México","Mexico",19.422,-99.14
"-99.142, 19.366",-99.142,19.366,"Derrumbe","lugar: <br>entrecalles: Malitzin y Tlalpan<br>colonia: portales<br>calle: <br>numero_exterior: <br>atrapados: <br>lesionados: <br>desaparecidos: <br>fallecidos: <br>rescatados: <br>link_google_maps: https://www.google.com.mx/maps/@19.3660675,-99.1419683,3a,75y,336.07h,77.46t/data=!3m7!1e1!3m5!1siZBf75kCfSuoMwosq22YOA!2e0!6s%2F%2Fgeo2.ggpht.com%2Fcbk%3Fpanoid%3DiZBf75kCfSuoMwosq22YOA%26output%3Dthumbnail%26cb_client%3Dmaps_sv.tactile.gps%26thumb%3D2%26w%3D203%26h%3D100%26yaw%3D82.291176%26pitch%3D0%26thumbfov%3D100!7i13312!8i6656<br>lon: -99.1420000000<br>lat: 19.3660000000<br>entidad: cdmx<br>tipo_reporte: proteccion civil",NA,NA,NA,NA,-1,0,-1,NA,NA,"","Malitzin y Tlalpan","portales","","","","",NA,"",NA,"https://www.google.com.mx/maps/@19.3660675,-99.1419683,3a,75y,336.07h,77.46t/data=!3m7!1e1!3m5!1siZBf75kCfSuoMwosq22YOA!2e0!6s%2F%2Fgeo2.ggpht.com%2Fcbk%3Fpanoid%3DiZBf75kCfSuoMwosq22YOA%26output%3Dthumbnail%26cb_client%3Dmaps_sv.tactile.gps%26thumb%3D2%26w%3D203%26h%3D100%26yaw%3D82.291176%26pitch%3D0%26thumbfov%3D100!7i13312!8i6656",-99.142,19.366,"cdmx","proteccion civil","Calz. de Tlalpan 1446, Portales Oriente, 03570 Ciudad de México, CDMX, Mexico","Calzada de Tlalpan","1446","Portales Oriente","03570","Ciudad de México","Ciudad de México","Mexico",19.366,-99.142
"-99.143, 19.338",-99.143,19.338,"Derrumbe","lugar: residencial<br>entrecalles: calle Álvaro Gálvez y Fuentes y calle cerro San Antonio<br>colonia: Conjunto Urbano Tlalpan<br>calle: Avenida Tlalpan<br>numero_exterior: <br>atrapados: <br>lesionados: <br>desaparecidos: <br>fallecidos: <br>rescatados: <br>link_google_maps: https://www.google.com.mx/maps/place/%C3%81lvaro+G%C3%A1lvez+y+Fuentes+4B,+Conjunto+Urbano+Tlalpan,+04400+Ciudad+de+M%C3%A9xico,+CDMX/@19.3378976,-99.142692,19z/data=!3m1!4b1!4m5!3m4!1s0x85ce01d5901183f9:0x5fc9331401119249!8m2!3d19.3378976!4d-99.1421448<br>lon: -99.143<br>lat: 19.338<br>entidad: <br>tipo_reporte:",NA,NA,NA,NA,-1,0,-1,NA,NA,"residencial","calle Álvaro Gálvez y Fuentes y calle cerro San Antonio","Conjunto Urbano Tlalpan","Avenida Tlalpan","","","",NA,"",NA,"https://www.google.com.mx/maps/place/%C3%81lvaro+G%C3%A1lvez+y+Fuentes+4B,+Conjunto+Urbano+Tlalpan,+04400+Ciudad+de+M%C3%A9xico,+CDMX/@19.3378976,-99.142692,19z/data=!3m1!4b1!4m5!3m4!1s0x85ce01d5901183f9:0x5fc9331401119249!8m2!3d19.3378976!4d-99.1421448",-99.143,19.338,"","","Calz. de Tlalpan 2239, Cd Jardín, 04370 Ciudad de México, CDMX, Mexico","Calzada de Tlalpan","2239","Ciudad Jardín","04370","Ciudad de México","Ciudad de México","Mexico",19.338,-99.143
"-99.143, 19.361",-99.143,19.361,"Derrumbe","lugar: <br>entrecalles: miravalle y balsas<br>colonia: miravalle<br>calle: <br>numero_exterior: <br>atrapados: sin determinar<br>lesionados: sin determinar<br>desaparecidos: <br>fallecidos: 12<br>rescatados: <br>link_google_maps: https://www.google.com.mx/maps/place/Miravalle+%26+Balsas,+sineo,+Miravalle,+03580+Ciudad+de+M%C3%A9xico,+CDMX/@19.3607118,-99.1427674,17z/data=!3m1!4b1!4m5!3m4!1s0x85d1fe35dc5137d7:0xb67381d0eff70714!8m2!3d19.3607118!4d-99.1405787?hl=es-419<br>lon: -99.143<br>lat: 19.361<br>entidad: cdmx<br>tipo_reporte: proteccion civil",NA,NA,NA,NA,-1,0,-1,NA,NA,"","miravalle y balsas","miravalle","","","sin determinar","sin determinar",NA,"12",NA,"https://www.google.com.mx/maps/place/Miravalle+%26+Balsas,+sineo,+Miravalle,+03580+Ciudad+de+M%C3%A9xico,+CDMX/@19.3607118,-99.1427674,17z/data=!3m1!4b1!4m5!3m4!1s0x85d1fe35dc5137d7:0xb67381d0eff70714!8m2!3d19.3607118!4d-99.1405787?hl=es-419",-99.143,19.361,"cdmx","proteccion civil","Calz. de Tlalpan 1552-1, sineo, Miravalle, 03580 Ciudad de México, CDMX, Mexico","Calzada de Tlalpan","1552-1","Miravalle","03580","Ciudad de México","Ciudad de México","Mexico",19.361,-99.143
"-99.144, 19.343",-99.144,19.343,"Derrumbe","lugar: Soriana Taxqueña<br>entrecalles: <br>colonia: <br>calle: <br>numero_exterior: <br>atrapados: <br>lesionados: <br>desaparecidos: <br>fallecidos: <br>rescatados: <br>link_google_maps: https://www.google.com.mx/maps/place/Soriana+H%C3%ADper+-+Tlalpan/@19.3428605,-99.1437585,17z/data=!3m1!4b1!4m5!3m4!1s0x85ce005253e6f07b:0xb5b94939835ba6ec!8m2!3d19.3428555!4d-99.1415698<br>lon: -99.144<br>lat: 19.343<br>entidad: Ciudad de México<br>tipo_reporte:",NA,NA,NA,NA,-1,0,-1,NA,NA,"Soriana Taxqueña","","","","","","",NA,"",NA,"https://www.google.com.mx/maps/place/Soriana+H%C3%ADper+-+Tlalpan/@19.3428605,-99.1437585,17z/data=!3m1!4b1!4m5!3m4!1s0x85ce005253e6f07b:0xb5b94939835ba6ec!8m2!3d19.3428555!4d-99.1415698",-99.144,19.343,"Ciudad de México","","Calz. de Tlalpan 2050, Campestre Churubusco, 04200 Ciudad de México, CDMX, Mexico","Calzada de Tlalpan","2050","Campestre Churubusco","04200","Ciudad de México","Ciudad de México","Mexico",19.343,-99.144
"-99.146265, 19.3877512",-99.146265,19.3877512,"Derrumbe","lugar: <br>entrecalles: puebla y orizaba<br>colonia: Niños Héroes de Chapultepec<br>calle: Galicia<br>numero_exterior: 452<br>atrapados: <br>lesionados: <br>desaparecidos: <br>fallecidos: <br>rescatados: <br>link_google_maps: https://goo.gl/maps/q2wsnhpWFuw<br>lon: -99.1462650000<br>lat: 19.3877512000<br>entidad: Ciudad de México<br>tipo_reporte:",NA,NA,NA,NA,-1,0,-1,NA,NA,"","puebla y orizaba","Niños Héroes de Chapultepec","Galicia","452","","",NA,"",NA,"https://goo.gl/maps/q2wsnhpWFuw",-99.146265,19.3877512,"Ciudad de México","","Galicia 451, Niños Héroes, 03440 Ciudad de México, CDMX, Mexico","Galicia","451","Niños Héroes","03440","Ciudad de México","Ciudad de México","Mexico",19.3877512,-99.146265
"-99.1462771, 19.3948528",-99.1462771,19.3948528,"","lugar: <br>entrecalles: xola y bolivar<br>colonia: <br>calle: <br>numero_exterior: <br>atrapados: <br>lesionados: <br>desaparecidos: <br>fallecidos: <br>rescatados: <br>link_google_maps: https://www.google.com.mx/maps/place/Eje+4+Sur+%26+Calle+Bolivar,+%C3%81lamos,+03400+Ciudad+de+M%C3%A9xico,+CDMX/@19.3948528,-99.1462771,17z/data=!3m1!4b1!4m5!3m4!1s0x85d1fefd0b7b00dd:0x9fbd57e83b24b7d!8m2!3d19.3948528!4d-99.1440884?hl=es-419<br>lon: -99.1462771000<br>lat: 19.3948528000<br>entidad: <br>tipo_reporte:",NA,NA,NA,NA,-1,0,-1,NA,NA,"","xola y bolivar","","","","","",NA,"",NA,"https://www.google.com.mx/maps/place/Eje+4+Sur+%26+Calle+Bolivar,+%C3%81lamos,+03400+Ciudad+de+M%C3%A9xico,+CDMX/@19.3948528,-99.1462771,17z/data=!3m1!4b1!4m5!3m4!1s0x85d1fefd0b7b00dd:0x9fbd57e83b24b7d!8m2!3d19.3948528!4d-99.1440884?hl=es-419",-99.1462771,19.3948528,"","","Eje Central Lázaro Cárdenas 574, U Hab IMSS Narvarte, Narvarte Oriente, 03023 Benito Juárez, CDMX, Mexico","Eje Central Lázaro Cárdenas","574","Narvarte Oriente","03023","Benito Juárez","Ciudad de México","Mexico",19.3948528,-99.1462771
"-99.1463198, 19.4427896",-99.1463198,19.4427896,"Derrumbe","lugar: <br>entrecalles: lerdo y magnolia<br>colonia: guerrero<br>calle: <br>numero_exterior: <br>atrapados: <br>lesionados: <br>desaparecidos: <br>fallecidos: <br>rescatados: <br>link_google_maps: https://www.google.com.mx/maps/place/Magnolia+%26+Calle+de+Lerdo,+Guerrero,+06300+Ciudad+de+M%C3%A9xico,+CDMX/@19.4436439,-99.1473352,15.77z/data=!4m5!3m4!1s0x85d1f928580494bf:0x621e38149d887f13!8m2!3d19.4425777!4d-99.1428707?hl=es-419<br>lon: -99.1463198000<br>lat: 19.4427896000<br>entidad: cdmx<br>tipo_reporte:",NA,NA,NA,NA,-1,0,-1,NA,NA,"","lerdo y magnolia","guerrero","","","","",NA,"",NA,"https://www.google.com.mx/maps/place/Magnolia+%26+Calle+de+Lerdo,+Guerrero,+06300+Ciudad+de+M%C3%A9xico,+CDMX/@19.4436439,-99.1473352,15.77z/data=!4m5!3m4!1s0x85d1f928580494bf:0x621e38149d887f13!8m2!3d19.4425777!4d-99.1428707?hl=es-419",-99.1463198,19.4427896,"cdmx","","Calle Heroes 87, Guerrero, 06300 Ciudad de México, CDMX, Mexico","Calle Heroes","87","Guerrero","06300","Ciudad de México","Ciudad de México","Mexico",19.4427896,-99.1463198
"-99.148, 19.388",-99.148,19.388,"Derrumbe","lugar: <br>entrecalles: niños heroes y galicia<br>colonia: Niños heroes<br>calle: <br>numero_exterior: <br>atrapados: <br>lesionados: <br>desaparecidos: <br>fallecidos: <br>rescatados: <br>link_google_maps: https://www.google.com.mx/maps/place/Av.+Ni%C3%B1os+Heroes+de+Chapultepec+%26+Calle+Galicia,+Ni%C3%B1os+H%C3%A9roes,+03440+Ciudad+de+M%C3%A9xico,+CDMX/@19.3877398,-99.1484456,17z/data=!3m1!4b1!4m5!3m4!1s0x85d1ff002537e27f:0x9d41e35f1e33ea31!8m2!3d19.3877398!4d-99.1462569?hl=es-419<br>lon: -99.148<br>lat: 19.388<br>entidad: cdmx<br>tipo_reporte: proteccion civil",NA,NA,NA,NA,-1,0,-1,NA,NA,"","niños heroes y galicia","Niños heroes","","","","",NA,"",NA,"https://www.google.com.mx/maps/place/Av.+Ni%C3%B1os+Heroes+de+Chapultepec+%26+Calle+Galicia,+Ni%C3%B1os+H%C3%A9roes,+03440+Ciudad+de+M%C3%A9xico,+CDMX/@19.3877398,-99.1484456,17z/data=!3m1!4b1!4m5!3m4!1s0x85d1ff002537e27f:0x9d41e35f1e33ea31!8m2!3d19.3877398!4d-99.1462569?hl=es-419",-99.148,19.388,"cdmx","proteccion civil","Calle Torres Adalid 2000, Narvarte Oriente, 03020 Ciudad de México, CDMX, Mexico","Calle Torres Adalid","2000","Narvarte Oriente","03020","Ciudad de México","Ciudad de México","Mexico",19.388,-99.148
"-99.1484456, 19.3877398",-99.1484456,19.3877398,"","lugar: <br>entrecalles: Miguel Negrete y Niños Héroes<br>colonia: <br>calle: <br>numero_exterior: <br>atrapados: <br>lesionados: <br>desaparecidos: <br>fallecidos: <br>rescatados: <br>link_google_maps: https://www.google.com.mx/maps/place/Av.+Ni%C3%B1os+Heroes+de+Chapultepec+%26+Miguel+Negrete,+Ni%C3%B1os+H%C3%A9roes,+03440+Ciudad+de+M%C3%A9xico,+CDMX/@19.3877398,-99.1484456,17z/data=!3m1!4b1!4m5!3m4!1s0x85d1ff002537e27f:0x9d41e35f1e33ea31!8m2!3d19.3877398!4d-99.1462569?hl=es-419<br>lon: -99.1484456000<br>lat: 19.3877398000<br>entidad: <br>tipo_reporte:",NA,NA,NA,NA,-1,0,-1,NA,NA,"","Miguel Negrete y Niños Héroes","","","","","",NA,"",NA,"https://www.google.com.mx/maps/place/Av.+Ni%C3%B1os+Heroes+de+Chapultepec+%26+Miguel+Negrete,+Ni%C3%B1os+H%C3%A9roes,+03440+Ciudad+de+M%C3%A9xico,+CDMX/@19.3877398,-99.1484456,17z/data=!3m1!4b1!4m5!3m4!1s0x85d1ff002537e27f:0x9d41e35f1e33ea31!8m2!3d19.3877398!4d-99.1462569?hl=es-419",-99.1484456,19.3877398,"","","Cumbres de Maltrata 423, Narvarte Oriente, 03020 Ciudad de México, CDMX, Mexico","Cumbres de Maltrata","423","Narvarte Oriente","03020","Ciudad de México","Ciudad de México","Mexico",19.3877398,-99.1484456
"-99.154, 19.369",-99.154,19.369,"Derrumbe","lugar: <br>entrecalles: <br>colonia: <br>calle: <br>numero_exterior: <br>atrapados: <br>lesionados: <br>desaparecidos: <br>fallecidos: <br>rescatados: <br>link_google_maps: https://www.google.com.mx/maps/place/Gral.+Emiliano+Zapata,+Portales+Oriente,+Ciudad+de+M%C3%A9xico,+CDMX/@19.3688387,-99.1542455,16z/data=!4m5!3m4!1s0x85d1ffb41d1800c5:0x24d6d30a6601b059!8m2!3d19.363879!4d-99.1402551<br>lon: -99.154<br>lat: 19.369<br>entidad: <br>tipo_reporte:",NA,NA,NA,NA,-1,0,-1,NA,NA,"","","","","","","",NA,"",NA,"https://www.google.com.mx/maps/place/Gral.+Emiliano+Zapata,+Portales+Oriente,+Ciudad+de+M%C3%A9xico,+CDMX/@19.3688387,-99.1542455,16z/data=!4m5!3m4!1s0x85d1ffb41d1800c5:0x24d6d30a6601b059!8m2!3d19.363879!4d-99.1402551",-99.154,19.369,"","","Tripoli 421, Portales Nte, 03300 Ciudad de México, CDMX, Mexico","Tripoli","421","Portales Norte","03300","Ciudad de México","Ciudad de México","Mexico",19.369,-99.154
"-99.156003, 19.387223",-99.156003,19.387223,"Derrumbe","lugar: residencial<br>entrecalles: Cruce de calles Yacatas y Concepción Beiztegui<br>colonia: Narvarte<br>calle: Yacatas<br>numero_exterior: 382<br>atrapados: <br>lesionados: <br>desaparecidos: <br>fallecidos: <br>rescatados: <br>link_google_maps: https://www.google.com.mx/maps/place/Calle+Yacatas+382,+Narvarte+Poniente,+03020+Ciudad+de+M%C3%A9xico,+CDMX/@19.3871067,-99.1583314,17z/data=!3m1!4b1!4m5!3m4!1s0x85d1ff07e6cd1d4b:0xe521d0a26b647013!8m2!3d19.3871067!4d-99.1561427<br>lon: -99.156003<br>lat: 19.387223<br>entidad: Ciudad de México<br>tipo_reporte:",NA,NA,NA,NA,-1,0,-1,NA,NA,"residencial","Cruce de calles Yacatas y Concepción Beiztegui","Narvarte","Yacatas","382","","",NA,"",NA,"https://www.google.com.mx/maps/place/Calle+Yacatas+382,+Narvarte+Poniente,+03020+Ciudad+de+M%C3%A9xico,+CDMX/@19.3871067,-99.1583314,17z/data=!3m1!4b1!4m5!3m4!1s0x85d1ff07e6cd1d4b:0xe521d0a26b647013!8m2!3d19.3871067!4d-99.1561427",-99.156003,19.387223,"Ciudad de México","","Calle Concepción Beistegui 1503, Narvarte Poniente, 03020 Ciudad de México, CDMX, Mexico","Calle Concepción Beistegui","1503","Narvarte Poniente","03020","Ciudad de México","Ciudad de México","Mexico",19.387223,-99.156003
"-99.1567542, 19.4347052",-99.1567542,19.4347052,"","lugar: <br>entrecalles: vallarta e ignacio ramirez<br>colonia: <br>calle: <br>numero_exterior: <br>atrapados: <br>lesionados: <br>desaparecidos: <br>fallecidos: <br>rescatados: <br>link_google_maps: https://www.google.com.mx/maps/place/Ignacio+Ram%C3%ADrez+%26+Priv.+Vallarta,+Tabacalera,+06030+Ciudad+de+M%C3%A9xico,+CDMX/@19.4347052,-99.1567542,17z/data=!3m1!4b1!4m5!3m4!1s0x85d1f8d2fa95abbf:0xbbb11b056d2f5f38!8m2!3d19.4347052!4d-99.1545655?hl=es-419<br>lon: -99.1567542000<br>lat: 19.4347052000<br>entidad: <br>tipo_reporte:",NA,NA,NA,NA,-1,0,-1,NA,NA,"","vallarta e ignacio ramirez","","","","","",NA,"",NA,"https://www.google.com.mx/maps/place/Ignacio+Ram%C3%ADrez+%26+Priv.+Vallarta,+Tabacalera,+06030+Ciudad+de+M%C3%A9xico,+CDMX/@19.4347052,-99.1567542,17z/data=!3m1!4b1!4m5!3m4!1s0x85d1f8d2fa95abbf:0xbbb11b056d2f5f38!8m2!3d19.4347052!4d-99.1545655?hl=es-419",-99.1567542,19.4347052,"","","Ezequiel Montes 135, Tabacalera, 06030 Ciudad de México, CDMX, Mexico","Ezequiel Montes","135","Tabacalera","06030","Ciudad de México","Ciudad de México","Mexico",19.4347052,-99.1567542
"-99.156878, 19.3667934",-99.156878,19.3667934,"Derrumbe","lugar: residencial<br>entrecalles: Peten y eje 7A sur Zapata<br>colonia: Emperadores<br>calle: Peten<br>numero_exterior: 915<br>atrapados: <br>lesionados: <br>desaparecidos: <br>fallecidos: <br>rescatados: <br>link_google_maps: https://www.google.com.mx/maps/@19.3667934,-99.1568785,3a,75y,295.71h,96.96t/data=!3m6!1e1!3m4!1s5ZnIqR-RvoJCY28tbMaXUQ!2e0!7i13312!8i6656?hl=es-419<br>lon: -99.1568780000<br>lat: 19.3667934000<br>entidad: <br>tipo_reporte:",NA,NA,NA,NA,-1,0,-1,NA,NA,"residencial","Peten y eje 7A sur Zapata","Emperadores","Peten","915","","",NA,"",NA,"https://www.google.com.mx/maps/@19.3667934,-99.1568785,3a,75y,295.71h,96.96t/data=!3m6!1e1!3m4!1s5ZnIqR-RvoJCY28tbMaXUQ!2e0!7i13312!8i6656?hl=es-419",-99.156878,19.3667934,"","","Prol. Petén 915, Emperadores, 03320 Ciudad de México, CDMX, Mexico","Prolongación Petén","915","Emperadores","03320","Ciudad de México","Ciudad de México","Mexico",19.3667934,-99.156878
"-99.157, 19.367",-99.157,19.367,"Derrumbe","lugar: residencial x<br>entrecalles: peten y zapata<br>colonia: santa cruz atoyac<br>calle: Peten<br>numero_exterior: 915<br>atrapados: <br>lesionados: 5<br>desaparecidos: <br>fallecidos: 4<br>rescatados: <br>link_google_maps: https://www.google.com.mx/maps/dir/Gral.+Emiliano+Zapata,+Ciudad+de+M%C3%A9xico,+CDMX/Pet%C3%A9n,+Sta+Cruz+Atoyac,+Ciudad+de+M%C3%A9xico,+CDMX/@19.3660835,-99.1564552,17z/data=!3m1!4b1!4m13!4m12!1m5!1m1!1s0x85d1ffb41d1800c5:0x24d6d30a6601b059!2m2!1d-99.1514871!2d19.3657329!1m5!1m1!1s0x85d1ffb9e32f43c1:0x8afe59f9983eb70b!2m2!1d-99.157046!2d19.3657417?hl=es-419<br>lon: -99.1570000000<br>lat: 19.3670000000<br>entidad: cdmx<br>tipo_reporte: proteccion civil",NA,NA,NA,NA,-1,0,-1,NA,NA,"residencial x","peten y zapata","santa cruz atoyac","Peten","915","","5",NA,"4",NA,"https://www.google.com.mx/maps/dir/Gral.+Emiliano+Zapata,+Ciudad+de+M%C3%A9xico,+CDMX/Pet%C3%A9n,+Sta+Cruz+Atoyac,+Ciudad+de+M%C3%A9xico,+CDMX/@19.3660835,-99.1564552,17z/data=!3m1!4b1!4m13!4m12!1m5!1m1!1s0x85d1ffb41d1800c5:0x24d6d30a6601b059!2m2!1d-99.1514871!2d19.3657329!1m5!1m1!1s0x85d1ffb9e32f43c1:0x8afe59f9983eb70b!2m2!1d-99.157046!2d19.3657417?hl=es-419",-99.157,19.367,"cdmx","proteccion civil","Prol. Petén 901, Emperadores, 03320 Ciudad de México, CDMX, Mexico","Prolongación Petén","901","Emperadores","03320","Ciudad de México","Ciudad de México","Mexico",19.367,-99.157
"-99.158, 19.387",-99.158,19.387,"Derrumbe","lugar: <br>entrecalles: yacatas y concepción beistegui<br>colonia: narvarte oriente<br>calle: <br>numero_exterior: <br>atrapados: <br>lesionados: sin lesionados<br>desaparecidos: <br>fallecidos: <br>rescatados: <br>link_google_maps: https://www.google.com.mx/maps/place/Calle+Concepci%C3%B3n+Beistegui+%26+Calle+Yacatas,+Narvarte+Poniente,+03020+Ciudad+de+M%C3%A9xico,+CDMX/@19.3873457,-99.1582722,17z/data=!3m1!4b1!4m5!3m4!1s0x85d1ff07da8e31f1:0x8c976dc7df28c30e!8m2!3d19.3873457!4d-99.1560835?hl=es-419<br>lon: -99.1580000000<br>lat: 19.3870000000<br>entidad: cdmx<br>tipo_reporte: proteccion civil",NA,NA,NA,NA,-1,0,-1,NA,NA,"","yacatas y concepción beistegui","narvarte oriente","","","","sin lesionados",NA,"",NA,"https://www.google.com.mx/maps/place/Calle+Concepci%C3%B3n+Beistegui+%26+Calle+Yacatas,+Narvarte+Poniente,+03020+Ciudad+de+M%C3%A9xico,+CDMX/@19.3873457,-99.1582722,17z/data=!3m1!4b1!4m5!3m4!1s0x85d1ff07da8e31f1:0x8c976dc7df28c30e!8m2!3d19.3873457!4d-99.1560835?hl=es-419",-99.158,19.387,"cdmx","proteccion civil","Anaxágoras 823, Narvarte Poniente, 03020 Ciudad de México, CDMX, Mexico","Anaxágoras","823","Narvarte Poniente","03020","Ciudad de México","Ciudad de México","Mexico",19.387,-99.158
"-99.159456, 19.417532",-99.159456,19.417532,"Daños","lugar: escuela<br>entrecalles: orizaba y chihuahua<br>colonia: Roma Norte<br>calle: <br>numero_exterior: <br>atrapados: <br>lesionados: <br>desaparecidos: <br>fallecidos: <br>rescatados: <br>link_google_maps: https://www.google.com.mx/maps/place/Orizaba+%26+Calle+de+Chihuahua,+Roma+Nte.,+06700+Ciudad+de+M%C3%A9xico,+CDMX/@19.4192471,-99.1639319,15.35z/data=!4m5!3m4!1s0x85d1ff3a5514ccef:0xf9c75a46ee452e7a!8m2!3d19.41751!4d-99.1595999?hl=es-419<br>lon: -99.1594560000<br>lat: 19.4175320000<br>entidad: <br>tipo_reporte:",NA,NA,NA,NA,-1,0,-1,NA,NA,"escuela","orizaba y chihuahua","Roma Norte","","","","",NA,"",NA,"https://www.google.com.mx/maps/place/Orizaba+%26+Calle+de+Chihuahua,+Roma+Nte.,+06700+Ciudad+de+M%C3%A9xico,+CDMX/@19.4192471,-99.1639319,15.35z/data=!4m5!3m4!1s0x85d1ff3a5514ccef:0xf9c75a46ee452e7a!8m2!3d19.41751!4d-99.1595999?hl=es-419",-99.159456,19.417532,"","","Calle de Chihuahua 110, Roma Nte., 06700 Ciudad de México, CDMX, Mexico","Calle de Chihuahua","110","Roma Norte","06700","Ciudad de México","Ciudad de México","Mexico",19.417532,-99.159456
"-99.1606335, 19.4172789",-99.1606335,19.4172789,"","lugar: escuela<br>entrecalles: Chihuahua y Orizaba<br>colonia: <br>calle: <br>numero_exterior: <br>atrapados: <br>lesionados: <br>desaparecidos: <br>fallecidos: <br>rescatados: <br>link_google_maps: https://www.google.com.mx/maps/place/Orizaba+%26+Calle+de+Chihuahua,+Roma+Nte.,+06700+Ciudad+de+M%C3%A9xico,+CDMX/@19.4172789,-99.1606335,18.52z/data=!4m5!3m4!1s0x85d1ff3a5514ccef:0xf9c75a46ee452e7a!8m2!3d19.41751!4d-99.1595999?hl=es-419<br>lon: -99.1606335000<br>lat: 19.4172789000<br>entidad: <br>tipo_reporte:",NA,NA,NA,NA,-1,0,-1,NA,NA,"escuela","Chihuahua y Orizaba","","","","","",NA,"",NA,"https://www.google.com.mx/maps/place/Orizaba+%26+Calle+de+Chihuahua,+Roma+Nte.,+06700+Ciudad+de+M%C3%A9xico,+CDMX/@19.4172789,-99.1606335,18.52z/data=!4m5!3m4!1s0x85d1ff3a5514ccef:0xf9c75a46ee452e7a!8m2!3d19.41751!4d-99.1595999?hl=es-419",-99.1606335,19.4172789,"","","Calle de Chihuahua 140, Roma Nte., 06700 Ciudad de México, CDMX, Mexico","Calle de Chihuahua","140","Roma Norte","06700","Ciudad de México","Ciudad de México","Mexico",19.4172789,-99.1606335
"-99.162, 19.402",-99.162,19.402,"Derrumbe","lugar: <br>entrecalles: viaducto y tanana<br>colonia: Piedad Narvarte<br>calle: <br>numero_exterior: <br>atrapados: sin determinar<br>lesionados: sin determinar<br>desaparecidos: <br>fallecidos: sin determinar<br>rescatados: <br>link_google_maps: https://www.google.com.mx/maps/@19.4022986,-99.1617407,3a,75y,110.46h,90t/data=!3m7!1e1!3m5!1s8GOXnmYdjYNscmUu3uwN_Q!2e0!6s%2F%2Fgeo3.ggpht.com%2Fcbk%3Fpanoid%3D8GOXnmYdjYNscmUu3uwN_Q%26output%3Dthumbnail%26cb_client%3Dmaps_sv.tactile.gps%26thumb%3D2%26w%3D203%26h%3D100%26yaw%3D111.577126%26pitch%3D0%26thumbfov%3D100!7i13312!8i6656<br>lon: -99.1620000000<br>lat: 19.4020000000<br>entidad: cdmx<br>tipo_reporte: proteccion civil",NA,NA,NA,NA,-1,0,-1,NA,NA,"","viaducto y tanana","Piedad Narvarte","","","sin determinar","sin determinar",NA,"sin determinar",NA,"https://www.google.com.mx/maps/@19.4022986,-99.1617407,3a,75y,110.46h,90t/data=!3m7!1e1!3m5!1s8GOXnmYdjYNscmUu3uwN_Q!2e0!6s%2F%2Fgeo3.ggpht.com%2Fcbk%3Fpanoid%3D8GOXnmYdjYNscmUu3uwN_Q%26output%3Dthumbnail%26cb_client%3Dmaps_sv.tactile.gps%26thumb%3D2%26w%3D203%26h%3D100%26yaw%3D111.577126%26pitch%3D0%26thumbfov%3D100!7i13312!8i6656",-99.162,19.402,"cdmx","proteccion civil","Eje 3 Pte 380, Piedad Narvarte, 03000 Ciudad de México, CDMX, Mexico","Eje Vial 3 Poniente","380","Piedad Narvarte","03000","Ciudad de México","Ciudad de México","Mexico",19.402,-99.162
"-99.162, 19.402",-99.162,19.402,"Derrumbe","lugar: <br>entrecalles: viaducto y tanana<br>colonia: Piedad Narvarte<br>calle: <br>numero_exterior: <br>atrapados: sin determinar<br>lesionados: sin determinar<br>desaparecidos: <br>fallecidos: sin determinar<br>rescatados: <br>link_google_maps: https://www.google.com.mx/maps/@19.4022986,-99.1617407,3a,75y,110.46h,90t/data=!3m7!1e1!3m5!1s8GOXnmYdjYNscmUu3uwN_Q!2e0!6s%2F%2Fgeo3.ggpht.com%2Fcbk%3Fpanoid%3D8GOXnmYdjYNscmUu3uwN_Q%26output%3Dthumbnail%26cb_client%3Dmaps_sv.tactile.gps%26thumb%3D2%26w%3D203%26h%3D100%26yaw%3D111.577126%26pitch%3D0%26thumbfov%3D100!7i13312!8i6656<br>lon: -99.1620000000<br>lat: 19.4020000000<br>entidad: cdmx<br>tipo_reporte: proteccion civil",NA,NA,NA,NA,-1,0,-1,NA,NA,"","viaducto y tanana","Piedad Narvarte","","","sin determinar","sin determinar",NA,"sin determinar",NA,"https://www.google.com.mx/maps/@19.4022986,-99.1617407,3a,75y,110.46h,90t/data=!3m7!1e1!3m5!1s8GOXnmYdjYNscmUu3uwN_Q!2e0!6s%2F%2Fgeo3.ggpht.com%2Fcbk%3Fpanoid%3D8GOXnmYdjYNscmUu3uwN_Q%26output%3Dthumbnail%26cb_client%3Dmaps_sv.tactile.gps%26thumb%3D2%26w%3D203%26h%3D100%26yaw%3D111.577126%26pitch%3D0%26thumbfov%3D100!7i13312!8i6656",-99.162,19.402,"cdmx","proteccion civil","Eje 3 Pte 380, Piedad Narvarte, 03000 Ciudad de México, CDMX, Mexico","Eje Vial 3 Poniente","380","Piedad Narvarte","03000","Ciudad de México","Ciudad de México","Mexico",19.402,-99.162
"-99.162, 19.402",-99.162,19.402,"Derrumbe","lugar: <br>entrecalles: amores y viaducto<br>colonia: <br>calle: <br>numero_exterior: <br>atrapados: <br>lesionados: <br>desaparecidos: <br>fallecidos: <br>rescatados: <br>link_google_maps: https://www.google.com.mx/maps/place/Amores,+Col+del+Valle+Centro,+Ciudad+de+M%C3%A9xico,+CDMX/@19.4017452,-99.162399,18z/data=!4m5!3m4!1s0x85d1ff115fe67d97:0x1c87a1e1b3bcc660!8m2!3d19.3817528!4d-99.1669319?hl=en<br>lon: -99.162<br>lat: 19.402<br>entidad: <br>tipo_reporte:",NA,NA,NA,NA,-1,0,-1,NA,NA,"","amores y viaducto","","","","","",NA,"",NA,"https://www.google.com.mx/maps/place/Amores,+Col+del+Valle+Centro,+Ciudad+de+M%C3%A9xico,+CDMX/@19.4017452,-99.162399,18z/data=!4m5!3m4!1s0x85d1ff115fe67d97:0x1c87a1e1b3bcc660!8m2!3d19.3817528!4d-99.1669319?hl=en",-99.162,19.402,"","","Eje 3 Pte 380, Piedad Narvarte, 03000 Ciudad de México, CDMX, Mexico","Eje Vial 3 Poniente","380","Piedad Narvarte","03000","Ciudad de México","Ciudad de México","Mexico",19.402,-99.162
"-99.162, 19.402",-99.162,19.402,"Derrumbe","lugar: <br>entrecalles: amores y viaducto<br>colonia: <br>calle: <br>numero_exterior: <br>atrapados: <br>lesionados: <br>desaparecidos: <br>fallecidos: <br>rescatados: <br>link_google_maps: https://www.google.com.mx/maps/place/Amores,+Col+del+Valle+Centro,+Ciudad+de+M%C3%A9xico,+CDMX/@19.4017452,-99.162399,18z/data=!4m5!3m4!1s0x85d1ff115fe67d97:0x1c87a1e1b3bcc660!8m2!3d19.3817528!4d-99.1669319?hl=en<br>lon: -99.162<br>lat: 19.402<br>entidad: <br>tipo_reporte:",NA,NA,NA,NA,-1,0,-1,NA,NA,"","amores y viaducto","","","","","",NA,"",NA,"https://www.google.com.mx/maps/place/Amores,+Col+del+Valle+Centro,+Ciudad+de+M%C3%A9xico,+CDMX/@19.4017452,-99.162399,18z/data=!4m5!3m4!1s0x85d1ff115fe67d97:0x1c87a1e1b3bcc660!8m2!3d19.3817528!4d-99.1669319?hl=en",-99.162,19.402,"","","Eje 3 Pte 380, Piedad Narvarte, 03000 Ciudad de México, CDMX, Mexico","Eje Vial 3 Poniente","380","Piedad Narvarte","03000","Ciudad de México","Ciudad de México","Mexico",19.402,-99.162
"-99.163, 19.398",-99.163,19.398,"","lugar: Edificio Servicio Nacional del Empleo<br>entrecalles: <br>colonia: <br>calle: <br>numero_exterior: <br>atrapados: <br>lesionados: <br>desaparecidos: <br>fallecidos: <br>rescatados: <br>link_google_maps: https://www.google.com.mx/maps/place/Servicio+Nacional+de+Empleo/@19.3932744,-99.1600168,15.83z/data=!4m8!1m2!2m1!1sEdificio+Servicio+Nacional+del+Empleo,+mexico!3m4!1s0x85d1ff054f02c1f3:0xbe09096a78cf92b0!8m2!3d19.3964672!4d-99.1557153?hl=es-419<br>lon: -99.163<br>lat: 19.398<br>entidad: <br>tipo_reporte:",NA,NA,NA,NA,-1,0,-1,NA,NA,"Edificio Servicio Nacional del Empleo","","","","","","",NA,"",NA,"https://www.google.com.mx/maps/place/Servicio+Nacional+de+Empleo/@19.3932744,-99.1600168,15.83z/data=!4m8!1m2!2m1!1sEdificio+Servicio+Nacional+del+Empleo,+mexico!3m4!1s0x85d1ff054f02c1f3:0xbe09096a78cf92b0!8m2!3d19.3964672!4d-99.1557153?hl=es-419",-99.163,19.398,"","","Amores 133, Col del Valle Nte, 03100 Ciudad de México, CDMX, Mexico","Amores","133","Colonia del Valle Norte","03100","Ciudad de México","Ciudad de México","Mexico",19.398,-99.163
"-99.163, 19.405",-99.163,19.405,"Derrumbe","lugar: <br>entrecalles: baja california y torreon<br>colonia: <br>calle: <br>numero_exterior: <br>atrapados: <br>lesionados: <br>desaparecidos: <br>fallecidos: <br>rescatados: <br>link_google_maps: https://www.google.com.mx/maps/place/Torre%C3%B3n+%26+Calle+Baja+California,+En+Construcci%C3%B3n,+28048+Colima,+Col./@19.2340242,-103.6923966,17z/data=!3m1!4b1!4m5!3m4!1s0x842550796140f4ad:0xfaeedf8f6ac27be1!8m2!3d19.2340242!4d-103.6902079?hl=es-419<br>lon: -99.163<br>lat: 19.405<br>entidad: <br>tipo_reporte:",NA,NA,NA,NA,-1,0,-1,NA,NA,"","baja california y torreon","","","","","",NA,"",NA,"https://www.google.com.mx/maps/place/Torre%C3%B3n+%26+Calle+Baja+California,+En+Construcci%C3%B3n,+28048+Colima,+Col./@19.2340242,-103.6923966,17z/data=!3m1!4b1!4m5!3m4!1s0x842550796140f4ad:0xfaeedf8f6ac27be1!8m2!3d19.2340242!4d-103.6902079?hl=es-419",-99.163,19.405,"","","Eje 3 Pte 313, Roma Sur, 06760 Ciudad de México, CDMX, Mexico","Eje Vial 3 Poniente","313","Roma Sur","06760","Ciudad de México","Ciudad de México","Mexico",19.405,-99.163
"-99.163, 19.414",-99.163,19.414,"Derrumbe","lugar: <br>entrecalles: san luis y medellin<br>colonia: Roma Norte<br>calle: <br>numero_exterior: <br>atrapados: <br>lesionados: <br>desaparecidos: <br>fallecidos: 2<br>rescatados: 2<br>link_google_maps: https://www.google.com.mx/maps/place/San+Luis+Potos%C3%AD,+Roma+Nte.,+06700+Ciudad+de+M%C3%A9xico,+CDMX/@19.4139514,-99.1627023,17z/data=!3m1!4b1!4m5!3m4!1s0x85d1ff3ec48ab427:0x5407042bf512e5d7!8m2!3d19.4139514!4d-99.1605136<br>lon: -99.1630000000<br>lat: 19.4140000000<br>entidad: cdmx<br>tipo_reporte: proteccion civil",NA,NA,NA,NA,-1,0,-1,NA,NA,"","san luis y medellin","Roma Norte","","","","",NA,"2",2,"https://www.google.com.mx/maps/place/San+Luis+Potos%C3%AD,+Roma+Nte.,+06700+Ciudad+de+M%C3%A9xico,+CDMX/@19.4139514,-99.1627023,17z/data=!3m1!4b1!4m5!3m4!1s0x85d1ff3ec48ab427:0x5407042bf512e5d7!8m2!3d19.4139514!4d-99.1605136",-99.163,19.414,"cdmx","proteccion civil","Av. Yucatan 53, Roma Nte., 06700 Ciudad de México, CDMX, Mexico","Avenida Yucatan","53","Roma Norte","06700","Ciudad de México","Ciudad de México","Mexico",19.414,-99.163
"-99.164, 19.29",-99.164,19.29,"Daños","lugar: Hospital General Dr. Manuel Gea González<br>entrecalles: calzada de tlalpan y san fernando<br>colonia: Tlalpan Centro<br>calle: <br>numero_exterior: <br>atrapados: <br>lesionados: <br>desaparecidos: <br>fallecidos: <br>rescatados: <br>link_google_maps: https://www.google.com.mx/maps/place/Calz.+de+Tlalpan+187,+Ni%C3%B1o+Jes%C3%BAs,+14080+Ciudad+de+M%C3%A9xico,+CDMX/@19.290087,-99.1642673,17z/data=!3m1!4b1!4m13!1m7!3m6!1s0x85d1ffd667106547:0x8cda80267fccc3e7!2sCalz.+de+Tlalpan,+Ciudad+de+M%C3%A9xico,+CDMX!3b1!8m2!3d19.2929452!4d-99.1583564!3m4!1s0x85ce00f60718fc79:0x5d1db3d63a7eef0b!8m2!3d19.290087!4d-99.1620786?hl=es-419<br>lon: -99.164<br>lat: 19.290<br>entidad: cdmx<br>tipo_reporte:",NA,NA,NA,NA,-1,0,-1,NA,NA,"Hospital General Dr. Manuel Gea González","calzada de tlalpan y san fernando","Tlalpan Centro","","","","",NA,"",NA,"https://www.google.com.mx/maps/place/Calz.+de+Tlalpan+187,+Ni%C3%B1o+Jes%C3%BAs,+14080+Ciudad+de+M%C3%A9xico,+CDMX/@19.290087,-99.1642673,17z/data=!3m1!4b1!4m13!1m7!3m6!1s0x85d1ffd667106547:0x8cda80267fccc3e7!2sCalz.+de+Tlalpan,+Ciudad+de+M%C3%A9xico,+CDMX!3b1!8m2!3d19.2929452!4d-99.1583564!3m4!1s0x85ce00f60718fc79:0x5d1db3d63a7eef0b!8m2!3d19.290087!4d-99.1620786?hl=es-419",-99.164,19.29,"cdmx","","Ignacio Allende 51, Tlalpan Centro I, 14000 Ciudad de México, CDMX, Mexico","Ignacio Allende","51","Tlalpan Centro I","14000","Ciudad de México","Ciudad de México","Mexico",19.29,-99.164
"-99.164, 19.387",-99.164,19.387,"Derrumbe","lugar: residencial<br>entrecalles: gabriel mancera y escocia<br>colonia: del valle<br>calle: Gabriel Mancera<br>numero_exterior: 734<br>atrapados: 3<br>lesionados: 50<br>desaparecidos: <br>fallecidos: <br>rescatados: <br>link_google_maps: https://www.google.com.mx/maps/place/Eje+2+Pte+%26+Escocia,+Col+del+Valle+Centro,+03100+Ciudad+de+M%C3%A9xico,+CDMX/@19.3883761,-99.165891,17.04z/data=!4m5!3m4!1s0x85d1ff0a4b50be57:0x6c453814a7dbe22d!8m2!3d19.3876699!4d-99.1639336?hl=es-419<br>lon: -99.1640000000<br>lat: 19.3870000000<br>entidad: cdmx<br>tipo_reporte: proteccion civil",NA,NA,NA,NA,-1,0,-1,NA,NA,"residencial","gabriel mancera y escocia","del valle","Gabriel Mancera","734","3","50",NA,"",NA,"https://www.google.com.mx/maps/place/Eje+2+Pte+%26+Escocia,+Col+del+Valle+Centro,+03100+Ciudad+de+M%C3%A9xico,+CDMX/@19.3883761,-99.165891,17.04z/data=!4m5!3m4!1s0x85d1ff0a4b50be57:0x6c453814a7dbe22d!8m2!3d19.3876699!4d-99.1639336?hl=es-419",-99.164,19.387,"cdmx","proteccion civil","Calle Gabriel Mancera 756, Col del Valle Centro, 03100 Ciudad de México, CDMX, Mexico","Calle Gabriel Mancera","756","Colonia del Valle Centro","03100","Ciudad de México","Ciudad de México","Mexico",19.387,-99.164
"-99.165, 19.414",-99.165,19.414,"Derrumbe","lugar: <br>entrecalles: Yucatán y Querétaro<br>colonia: condesa<br>calle: yucatan<br>numero_exterior: 286<br>atrapados: <br>lesionados: <br>desaparecidos: <br>fallecidos: <br>rescatados: <br>link_google_maps: https://www.google.com.mx/maps/place/Calle+Quer%C3%A9taro+%26+Av.+Yucatan,+Roma+Nte.,+06700+Ciudad+de+M%C3%A9xico,+CDMX/@19.4142698,-99.1653656,17z/data=!3m1!4b1!4m5!3m4!1s0x85d1ff394ccf8591:0x15b86755b72fe003!8m2!3d19.4142698!4d-99.1631769?hl=es-419<br>lon: -99.1650000000<br>lat: 19.4140000000<br>entidad: cdmx<br>tipo_reporte: proteccion civil",NA,NA,NA,NA,-1,0,-1,NA,NA,"","Yucatán y Querétaro","condesa","yucatan","286","","",NA,"",NA,"https://www.google.com.mx/maps/place/Calle+Quer%C3%A9taro+%26+Av.+Yucatan,+Roma+Nte.,+06700+Ciudad+de+M%C3%A9xico,+CDMX/@19.4142698,-99.1653656,17z/data=!3m1!4b1!4m5!3m4!1s0x85d1ff394ccf8591:0x15b86755b72fe003!8m2!3d19.4142698!4d-99.1631769?hl=es-419",-99.165,19.414,"cdmx","proteccion civil","Eje 2 Sur 229, Roma Nte., 06700 Ciudad de México, CDMX, Mexico","Eje 2 Sur","229","Roma Norte","06700","Ciudad de México","Ciudad de México","Mexico",19.414,-99.165
"-99.1652675, 19.3866975",-99.1652675,19.3866975,"Derrumbe","lugar: residencial<br>entrecalles: Gabriela Mancera y Eugenia<br>colonia: del valle<br>calle: <br>numero_exterior: <br>atrapados: <br>lesionados: <br>desaparecidos: <br>fallecidos: <br>rescatados: <br>link_google_maps: https://www.google.com/maps/place/Eugenia+%26+Calle+Gabriel+Mancera,+Col+del+Valle+Centro,+03100+Ciudad+de+M%C3%A9xico,+CDMX,+Mexico/@19.3866975,-99.1652675,18z/data=!3m1!4b1!4m5!3m4!1s0x85d1ff0a449713c9:0xd918b1fb547dc470!8m2!3d19.3866975!4d-99.1641705<br>lon: -99.1652675000<br>lat: 19.3866975000<br>entidad: <br>tipo_reporte:",NA,NA,NA,NA,-1,0,-1,NA,NA,"residencial","Gabriela Mancera y Eugenia","del valle","","","","",NA,"",NA,"https://www.google.com/maps/place/Eugenia+%26+Calle+Gabriel+Mancera,+Col+del+Valle+Centro,+03100+Ciudad+de+M%C3%A9xico,+CDMX,+Mexico/@19.3866975,-99.1652675,18z/data=!3m1!4b1!4m5!3m4!1s0x85d1ff0a449713c9:0xd918b1fb547dc470!8m2!3d19.3866975!4d-99.1641705",-99.1652675,19.3866975,"","","Eugenia 811, Col del Valle Centro, 03100 Ciudad de México, CDMX, Mexico","Avenida Eugenia","811","Colonia del Valle Centro","03100","Ciudad de México","Ciudad de México","Mexico",19.3866975,-99.1652675
"-99.166, 19.419",-99.166,19.419,"Derrumbe","lugar: <br>entrecalles: tabasco y medellín<br>colonia: Roma Norte<br>calle: <br>numero_exterior: <br>atrapados: 1<br>lesionados: <br>desaparecidos: <br>fallecidos: <br>rescatados: <br>link_google_maps: https://www.google.com.mx/maps/place/Medell%C3%ADn+%26+Tabasco,+Roma+Nte.,+06700+Ciudad+de+M%C3%A9xico,+CDMX/@19.4178166,-99.1681075,17.19z/data=!4m5!3m4!1s0x85d1ff384352a18d:0xbd605f4c630d8deb!8m2!3d19.4178339!4d-99.166064?hl=es-419<br>lon: -99.1660000000<br>lat: 19.4190000000<br>entidad: cdmx<br>tipo_reporte: proteccion civil",NA,NA,NA,NA,-1,0,-1,NA,NA,"","tabasco y medellín","Roma Norte","","","1","",NA,"",NA,"https://www.google.com.mx/maps/place/Medell%C3%ADn+%26+Tabasco,+Roma+Nte.,+06700+Ciudad+de+M%C3%A9xico,+CDMX/@19.4178166,-99.1681075,17.19z/data=!4m5!3m4!1s0x85d1ff384352a18d:0xbd605f4c630d8deb!8m2!3d19.4178339!4d-99.166064?hl=es-419",-99.166,19.419,"cdmx","proteccion civil","Medellín 59, Roma Nte., 06700 Ciudad de México, CDMX, Mexico","Medellín","59","Roma Norte","06700","Ciudad de México","Ciudad de México","Mexico",19.419,-99.166
"-99.166, 19.427",-99.166,19.427,"","lugar: <br>entrecalles: <br>colonia: <br>calle: genova<br>numero_exterior: 37<br>atrapados: <br>lesionados: <br>desaparecidos: <br>fallecidos: <br>rescatados: <br>link_google_maps: https://www.google.com.mx/maps/place/Calle+Genova+37,+Ju%C3%A1rez,+06600+Ciudad+de+M%C3%A9xico,+CDMX/@19.4267575,-99.1664587,17z/data=!3m1!4b1!4m5!3m4!1s0x85d1ff343006c05d:0xa35c6fb2a6d6db49!8m2!3d19.4267525!4d-99.16427<br>lon: -99.166<br>lat: 19.427<br>entidad: Ciudad de México<br>tipo_reporte:",NA,NA,NA,NA,-1,0,-1,NA,NA,"","","","genova","37","","",NA,"",NA,"https://www.google.com.mx/maps/place/Calle+Genova+37,+Ju%C3%A1rez,+06600+Ciudad+de+M%C3%A9xico,+CDMX/@19.4267575,-99.1664587,17z/data=!3m1!4b1!4m5!3m4!1s0x85d1ff343006c05d:0xa35c6fb2a6d6db49!8m2!3d19.4267525!4d-99.16427",-99.166,19.427,"Ciudad de México","","Calle Amberes 10, Juárez, 06600 Juárez, CDMX, Mexico","Calle Amberes","10","Juárez","06600","Juárez","Ciudad de México","Mexico",19.427,-99.166
"-99.1670705, 19.4128675",-99.1670705,19.4128675,"Derrumbe","lugar: <br>entrecalles: eje 2 y amsterdam<br>colonia: Roma Norte<br>calle: Ámsterdam<br>numero_exterior: <br>atrapados: <br>lesionados: <br>desaparecidos: <br>fallecidos: <br>rescatados: <br>link_google_maps: https://www.google.com.mx/maps/@19.4128675,-99.1670705,3a,75y,189.32h,90t/data=!3m7!1e1!3m5!1ssWmFmlR2mr4H2-unELJsvw!2e0!6s%2F%2Fgeo0.ggpht.com%2Fcbk%3Fpanoid%3DsWmFmlR2mr4H2-unELJsvw%26output%3Dthumbnail%26cb_client%3Dmaps_sv.tactile.gps%26thumb%3D2%26w%3D203%26h%3D100%26yaw%3D188.80086%26pitch%3D0%26thumbfov%3D100!7i13312!8i6656<br>lon: -99.1670705000<br>lat: 19.4128675000<br>entidad: Ciudad de México<br>tipo_reporte:",NA,NA,NA,NA,-1,0,-1,NA,NA,"","eje 2 y amsterdam","Roma Norte","Ámsterdam","","","",NA,"",NA,"https://www.google.com.mx/maps/@19.4128675,-99.1670705,3a,75y,189.32h,90t/data=!3m7!1e1!3m5!1ssWmFmlR2mr4H2-unELJsvw!2e0!6s%2F%2Fgeo0.ggpht.com%2Fcbk%3Fpanoid%3DsWmFmlR2mr4H2-unELJsvw%26output%3Dthumbnail%26cb_client%3Dmaps_sv.tactile.gps%26thumb%3D2%26w%3D203%26h%3D100%26yaw%3D188.80086%26pitch%3D0%26thumbfov%3D100!7i13312!8i6656",-99.1670705,19.4128675,"Ciudad de México","","Av Sonora 201, Hipódromo, 06100 Ciudad de México, CDMX, Mexico","Avenida Sonora","201","Hipódromo","06100","Ciudad de México","Ciudad de México","Mexico",19.4128675,-99.1670705
"-99.167, 19.397",-99.167,19.397,"Derrumbe","lugar: <br>entrecalles: av coyoacan y providencia<br>colonia: del valle<br>calle: <br>numero_exterior: <br>atrapados: <br>lesionados: <br>desaparecidos: <br>fallecidos: <br>rescatados: <br>link_google_maps: https://www.google.com.mx/maps/place/TELMEX/@19.3974597,-99.167299,21z/data=!4m6!3m5!1s0x0:0x7a389dd70b4ddda9!4b1!8m2!3d19.3974486!4d-99.1673056?hl=es-419<br>lon: -99.167<br>lat: 19.397<br>entidad: cdmx<br>tipo_reporte:",NA,NA,NA,NA,-1,0,-1,NA,NA,"","av coyoacan y providencia","del valle","","","","",NA,"",NA,"https://www.google.com.mx/maps/place/TELMEX/@19.3974597,-99.167299,21z/data=!4m6!3m5!1s0x0:0x7a389dd70b4ddda9!4b1!8m2!3d19.3974486!4d-99.1673056?hl=es-419",-99.167,19.397,"cdmx","","Av. Coyoacán 116-124, código 2, Col del Valle Nte, 03103 Ciudad de México, CDMX, Mexico","Avenida Coyoacán","116-124","Colonia del Valle Norte","03103","Ciudad de México","Ciudad de México","Mexico",19.397,-99.167
"-99.167, 19.417",-99.167,19.417,"Derrumbe","lugar: <br>entrecalles: alvaro obregon y valladolid<br>colonia: Roma Norte<br>calle: <br>numero_exterior: <br>atrapados: <br>lesionados: <br>desaparecidos: <br>fallecidos: <br>rescatados: <br>link_google_maps: https://www.google.com.mx/maps/place/Av.+%C3%81lvaro+Obreg%C3%B3n+%26+Valladolid,+Roma+Nte.,+06700+Ciudad+de+M%C3%A9xico,+CDMX/@19.4168969,-99.1695238,17z/data=!3m1!4b1!4m5!3m4!1s0x85d1ff38873af383:0x46f547ff8659383c!8m2!3d19.4168969!4d-99.1673351?hl=es-419<br>lon: -99.167<br>lat: 19.417<br>entidad: cdmx<br>tipo_reporte:",NA,NA,NA,NA,-1,0,-1,NA,NA,"","alvaro obregon y valladolid","Roma Norte","","","","",NA,"",NA,"https://www.google.com.mx/maps/place/Av.+%C3%81lvaro+Obreg%C3%B3n+%26+Valladolid,+Roma+Nte.,+06700+Ciudad+de+M%C3%A9xico,+CDMX/@19.4168969,-99.1695238,17z/data=!3m1!4b1!4m5!3m4!1s0x85d1ff38873af383:0x46f547ff8659383c!8m2!3d19.4168969!4d-99.1673351?hl=es-419",-99.167,19.417,"cdmx","","Av. Álvaro Obregón 243, Roma Nte., 06700 Ciudad de México, CDMX, Mexico","Avenida Álvaro Obregón","243","Roma Norte","06700","Ciudad de México","Ciudad de México","Mexico",19.417,-99.167
"-99.168, 19.4",-99.168,19.4,"Derrumbe","lugar: x<br>entrecalles: viaducto y av coyoacan<br>colonia: del valle<br>calle: <br>numero_exterior: <br>atrapados: <br>lesionados: <br>desaparecidos: <br>fallecidos: <br>rescatados: <br>link_google_maps: https://www.google.com.mx/maps/@19.4003582,-99.1679256,431a,13.1y/data=!3m5!1e1!3m3!1seiYQTVy6KeurjFcL33V4PQ!2e0!6s%2F%2Fgeo0.ggpht.com%2Fcbk%3Fpanoid%3DeiYQTVy6KeurjFcL33V4PQ%26output%3Dthumbnail%26cb_client%3Dmaps_sv.tactile.gps%26thumb%3D2%26w%3D203%26h%3D100%26yaw%3D5.025852%26pitch%3D0%26thumbfov%3D100<br>lon: -99.1680000000<br>lat: 19.4000000000<br>entidad: cdmx<br>tipo_reporte: proteccion civil",NA,NA,NA,NA,-1,0,-1,NA,NA,"x","viaducto y av coyoacan","del valle","","","","",NA,"",NA,"https://www.google.com.mx/maps/@19.4003582,-99.1679256,431a,13.1y/data=!3m5!1e1!3m3!1seiYQTVy6KeurjFcL33V4PQ!2e0!6s%2F%2Fgeo0.ggpht.com%2Fcbk%3Fpanoid%3DeiYQTVy6KeurjFcL33V4PQ%26output%3Dthumbnail%26cb_client%3Dmaps_sv.tactile.gps%26thumb%3D2%26w%3D203%26h%3D100%26yaw%3D5.025852%26pitch%3D0%26thumbfov%3D100",-99.168,19.4,"cdmx","proteccion civil","Viad. Pdte. Miguel Aleman 730, Col del Valle Nte, 03103 Del Valle Nte, CDMX, Mexico","Viaducto Presidente Miguel Aleman","730","Colonia del Valle Norte","03103","Del Valle Norte","Ciudad de México","Mexico",19.4,-99.168
"-99.168, 19.408",-99.168,19.408,"Daño Mayor","lugar: residencial<br>entrecalles: baja california y manzanillo<br>colonia: Roma Norte<br>calle: <br>numero_exterior: <br>atrapados: <br>lesionados: <br>desaparecidos: <br>fallecidos: <br>rescatados: <br>link_google_maps: https://www.google.com.mx/maps/place/Manzanillo,+Roma+Nte.,+06700+Ciudad+de+M%C3%A9xico,+CDMX/@19.4080493,-99.1677978,17z/data=!4m5!3m4!1s0x85d1ff1575d4f951:0x9659fdd1a2187185!8m2!3d19.4114797!4d-99.166167<br>lon: -99.168<br>lat: 19.408<br>entidad: <br>tipo_reporte:",NA,NA,NA,NA,-1,0,-1,NA,NA,"residencial","baja california y manzanillo","Roma Norte","","","","",NA,"",NA,"https://www.google.com.mx/maps/place/Manzanillo,+Roma+Nte.,+06700+Ciudad+de+M%C3%A9xico,+CDMX/@19.4080493,-99.1677978,17z/data=!4m5!3m4!1s0x85d1ff1575d4f951:0x9659fdd1a2187185!8m2!3d19.4114797!4d-99.166167",-99.168,19.408,"","","Av. Insurgentes Sur 421, Hipódromo, 06100 Ciudad de México, CDMX, Mexico","Avenida Insurgentes Sur","421","Hipódromo","06100","Ciudad de México","Ciudad de México","Mexico",19.408,-99.168
"-99.1683086, 19.4214881",-99.1683086,19.4214881,"","lugar: <br>entrecalles: puebla y medellin<br>colonia: Roma Norte<br>calle: <br>numero_exterior: <br>atrapados: <br>lesionados: <br>desaparecidos: <br>fallecidos: <br>rescatados: <br>link_google_maps: https://www.google.com.mx/maps/place/Medell%C3%ADn+%26+Puebla,+Roma+Nte.,+06700+Ciudad+de+M%C3%A9xico,+CDMX/@19.4214881,-99.1683086,18.13z/data=!4m5!3m4!1s0x85d1ff37c33c03cf:0x6e0c463bcd732464!8m2!3d19.4217075!4d-99.1670157?hl=es-419<br>lon: -99.1683086000<br>lat: 19.4214881000<br>entidad: <br>tipo_reporte:",NA,NA,NA,NA,-1,0,-1,NA,NA,"","puebla y medellin","Roma Norte","","","","",NA,"",NA,"https://www.google.com.mx/maps/place/Medell%C3%ADn+%26+Puebla,+Roma+Nte.,+06700+Ciudad+de+M%C3%A9xico,+CDMX/@19.4214881,-99.1683086,18.13z/data=!4m5!3m4!1s0x85d1ff37c33c03cf:0x6e0c463bcd732464!8m2!3d19.4217075!4d-99.1670157?hl=es-419",-99.1683086,19.4214881,"","","Puebla 265, Roma Nte., 06700 Ciudad de México, CDMX, Mexico","Puebla","265","Roma Norte","06700","Ciudad de México","Ciudad de México","Mexico",19.4214881,-99.1683086
"-99.1707416, 19.4127698",-99.1707416,19.4127698,"Derrumbe","lugar: <br>entrecalles: Laredo y Amsterdam<br>colonia: condesa<br>calle: <br>numero_exterior: <br>atrapados: sin determinar<br>lesionados: sin determinar<br>desaparecidos: <br>fallecidos: sin determinar<br>rescatados: 7<br>link_google_maps: https://www.google.com.mx/maps/place/Calle+Laredo,+Hip%C3%B3dromo,+06100+Ciudad+de+M%C3%A9xico,+CDMX/@19.412867,-99.1729945,17z/data=!3m1!4b1!4m5!3m4!1s0x85d1ff4126bccd61:0xe23bc0036ea3f17a!8m2!3d19.4127856!4d-99.1707632<br>lon: -99.1707416<br>lat: 19.4127698<br>entidad: cdmx<br>tipo_reporte: proteccion civil",NA,NA,NA,NA,-1,0,-1,NA,NA,"","Laredo y Amsterdam","condesa","","","sin determinar","sin determinar",NA,"sin determinar",7,"https://www.google.com.mx/maps/place/Calle+Laredo,+Hip%C3%B3dromo,+06100+Ciudad+de+M%C3%A9xico,+CDMX/@19.412867,-99.1729945,17z/data=!3m1!4b1!4m5!3m4!1s0x85d1ff4126bccd61:0xe23bc0036ea3f17a!8m2!3d19.4127856!4d-99.1707632",-99.1707416,19.4127698,"cdmx","proteccion civil","Calle Amsterdam 108, Hipódromo, 06100 Ciudad de México, CDMX, Mexico","Calle Amsterdam","108","Hipódromo","06100","Ciudad de México","Ciudad de México","Mexico",19.4127698,-99.1707416
"-99.171, 19.392",-99.171,19.392,"Daños","lugar: residencial<br>entrecalles: <br>colonia: del valle<br>calle: patricio sans 612<br>numero_exterior: <br>atrapados: <br>lesionados: <br>desaparecidos: <br>fallecidos: <br>rescatados: <br>link_google_maps: https://www.google.com.mx/maps/place/Calle+Patricio+Sanz+612,+Col+del+Valle+Centro,+03100+Ciudad+de+M%C3%A9xico,+CDMX/@19.3915996,-99.1707051,19z/data=!4m5!3m4!1s0x85d1ff737381ff43:0x7d7fcf4ebaf0dd2e!8m2!3d19.3915946!4d-99.1701579<br>lon: -99.171<br>lat: 19.392<br>entidad: cdmx<br>tipo_reporte:",NA,NA,NA,NA,-1,0,-1,NA,NA,"residencial","","del valle","patricio sans 612","","","",NA,"",NA,"https://www.google.com.mx/maps/place/Calle+Patricio+Sanz+612,+Col+del+Valle+Centro,+03100+Ciudad+de+M%C3%A9xico,+CDMX/@19.3915996,-99.1707051,19z/data=!4m5!3m4!1s0x85d1ff737381ff43:0x7d7fcf4ebaf0dd2e!8m2!3d19.3915946!4d-99.1701579",-99.171,19.392,"cdmx","","San Francisco 503, Col del Valle Nte, 03100 Del Valle Nte, CDMX, Mexico","San Francisco","503","Colonia del Valle Norte","03100","Del Valle Norte","Ciudad de México","Mexico",19.392,-99.171
"-99.171, 19.421",-99.171,19.421,"Derrumbe","lugar: <br>entrecalles: Puebla y Salamanca<br>colonia: Roma Norte<br>calle: Puebla<br>numero_exterior: 282<br>atrapados: <br>lesionados: 5<br>desaparecidos: <br>fallecidos: 8<br>rescatados: 6<br>link_google_maps: https://www.google.com.mx/maps/place/Puebla+282,+Roma+Nte.,+06700+Ciudad+de+M%C3%A9xico,+CDMX/@19.4210929,-99.1712992,17z/data=!3m1!4b1!4m5!3m4!1s0x85d1ff4814d6ddc7:0x8bfb4e0493ab434e!8m2!3d19.4210929!4d-99.1691105?hl=es-419<br>lon: -99.1710000000<br>lat: 19.4210000000<br>entidad: cdmx<br>tipo_reporte: proteccion civil",NA,NA,NA,NA,-1,0,-1,NA,NA,"","Puebla y Salamanca","Roma Norte","Puebla","282","","5",NA,"8",6,"https://www.google.com.mx/maps/place/Puebla+282,+Roma+Nte.,+06700+Ciudad+de+M%C3%A9xico,+CDMX/@19.4210929,-99.1712992,17z/data=!3m1!4b1!4m5!3m4!1s0x85d1ff4814d6ddc7:0x8bfb4e0493ab434e!8m2!3d19.4210929!4d-99.1691105?hl=es-419",-99.171,19.421,"cdmx","proteccion civil","Puebla 317, Roma Nte., 06700 Ciudad de México, CDMX, Mexico","Puebla","317","Roma Norte","06700","Ciudad de México","Ciudad de México","Mexico",19.421,-99.171
"-99.17, 19.419",-99.17,19.419,"Derrumbe","lugar: <br>entrecalles: salamanca y oaxaca<br>colonia: Roma Norte<br>calle: <br>numero_exterior: <br>atrapados: sin determinar<br>lesionados: sin determinar<br>desaparecidos: <br>fallecidos: sin determinar<br>rescatados: <br>link_google_maps: https://www.google.com.mx/maps/place/Eje+3+Pte+%26+Av+Oaxaca,+Roma+Nte.,+06700+Ciudad+de+M%C3%A9xico,+CDMX/@19.417299,-99.1699543,17.97z/data=!4m5!3m4!1s0x85d1ff479fc2db11:0x51758135c872cc23!8m2!3d19.4170538!4d-99.1690568?hl=es-419<br>lon: -99.1700000000<br>lat: 19.4190000000<br>entidad: cdmx<br>tipo_reporte: proteccion civil",NA,NA,NA,NA,-1,0,-1,NA,NA,"","salamanca y oaxaca","Roma Norte","","","sin determinar","sin determinar",NA,"sin determinar",NA,"https://www.google.com.mx/maps/place/Eje+3+Pte+%26+Av+Oaxaca,+Roma+Nte.,+06700+Ciudad+de+M%C3%A9xico,+CDMX/@19.417299,-99.1699543,17.97z/data=!4m5!3m4!1s0x85d1ff479fc2db11:0x51758135c872cc23!8m2!3d19.4170538!4d-99.1690568?hl=es-419",-99.17,19.419,"cdmx","proteccion civil","Calle de Durango 262A, Roma Nte., 06700 Ciudad de México, CDMX, Mexico","Calle de Durango","262A","Roma Norte","06700","Ciudad de México","Ciudad de México","Mexico",19.419,-99.17
"-99.1724505, 19.3679305",-99.1724505,19.3679305,"Daño Mayor","lugar: residencial<br>entrecalles: entre paroquia y jose maria rico<br>colonia: Del Valle Centro<br>calle: amores<br>numero_exterior: 1636<br>atrapados: 0<br>lesionados: 0<br>desaparecidos: 0<br>fallecidos: 0<br>rescatados: 0<br>link_google_maps: https://www.google.com.mx/maps/place/Amores+1636,+Col+del+Valle+Centro,+03100+Ciudad+de+M%C3%A9xico,+CDMX/@19.3679305,-99.1724505,17z/data=!3m1!4b1!4m5!3m4!1s0x85d1ff96613ff609:0x330697b6dd24c191!8m2!3d19.3679305!4d-99.1702618<br>lon: -99.1724505000<br>lat: 19.3679305000<br>entidad: <br>tipo_reporte:",NA,NA,NA,NA,-1,0,-1,NA,NA,"residencial","entre paroquia y jose maria rico","Del Valle Centro","amores","1636","0","0",0,"0",0,"https://www.google.com.mx/maps/place/Amores+1636,+Col+del+Valle+Centro,+03100+Ciudad+de+M%C3%A9xico,+CDMX/@19.3679305,-99.1724505,17z/data=!3m1!4b1!4m5!3m4!1s0x85d1ff96613ff609:0x330697b6dd24c191!8m2!3d19.3679305!4d-99.1702618",-99.1724505,19.3679305,"","","José Linares 1656, Col del Valle Sur, 03100 Ciudad de México, CDMX, Mexico","José Linares","1656","Colonia del Valle Sur","03100","Ciudad de México","Ciudad de México","Mexico",19.3679305,-99.1724505
"-99.1726883, 19.3816149",-99.1726883,19.3816149,"Derrumbe","lugar: residencial<br>entrecalles: patricio sans y california<br>colonia: del valle<br>calle: <br>numero_exterior: <br>atrapados: <br>lesionados: <br>desaparecidos: <br>fallecidos: <br>rescatados: <br>link_google_maps: https://www.google.com.mx/maps/@19.3816149,-99.1726883,3a,75y,307.09h,90t/data=!3m7!1e1!3m5!1sWUsPCG2RUyCov7Sagz3hJQ!2e0!6s%2F%2Fgeo3.ggpht.com%2Fcbk%3Fpanoid%3DWUsPCG2RUyCov7Sagz3hJQ%26output%3Dthumbnail%26cb_client%3Dmaps_sv.tactile.gps%26thumb%3D2%26w%3D203%26h%3D100%26yaw%3D308.71088%26pitch%3D0%26thumbfov%3D100!7i13312!8i6656<br>lon: -99.1726883000<br>lat: 19.3816149000<br>entidad: cdmx<br>tipo_reporte:",NA,NA,NA,NA,-1,0,-1,NA,NA,"residencial","patricio sans y california","del valle","","","","",NA,"",NA,"https://www.google.com.mx/maps/@19.3816149,-99.1726883,3a,75y,307.09h,90t/data=!3m7!1e1!3m5!1sWUsPCG2RUyCov7Sagz3hJQ!2e0!6s%2F%2Fgeo3.ggpht.com%2Fcbk%3Fpanoid%3DWUsPCG2RUyCov7Sagz3hJQ%26output%3Dthumbnail%26cb_client%3Dmaps_sv.tactile.gps%26thumb%3D2%26w%3D203%26h%3D100%26yaw%3D308.71088%26pitch%3D0%26thumbfov%3D100!7i13312!8i6656",-99.1726883,19.3816149,"cdmx","","Calle Patricio Sanz 1157, Insurgentes San Borja, 03100 Ciudad de México, CDMX, Mexico","Calle Patricio Sanz","1157","Insurgentes San Borja","03100","Ciudad de México","Ciudad de México","Mexico",19.3816149,-99.1726883
"-99.1726936, 19.3901974",-99.1726936,19.3901974,"Daños","lugar: residencial<br>entrecalles: Patricio Sans y Torres Adalid<br>colonia: del valle<br>calle: patricio sans<br>numero_exterior: 710<br>atrapados: <br>lesionados: <br>desaparecidos: <br>fallecidos: <br>rescatados: <br>link_google_maps: https://www.google.com.mx/maps/place/Calle+Patricio+Sanz+710,+Col+del+Valle+Centro,+03100+Ciudad+de+M%C3%A9xico,+CDMX/@19.3901974,-99.1726936,17z/data=!3m1!4b1!4m5!3m4!1s0x85d1ff748074a165:0x462b12314523324f!8m2!3d19.3901924!4d-99.1705049<br>lon: -99.1726936000<br>lat: 19.3901974000<br>entidad: cdmx<br>tipo_reporte:",NA,NA,NA,NA,-1,0,-1,NA,NA,"residencial","Patricio Sans y Torres Adalid","del valle","patricio sans","710","","",NA,"",NA,"https://www.google.com.mx/maps/place/Calle+Patricio+Sanz+710,+Col+del+Valle+Centro,+03100+Ciudad+de+M%C3%A9xico,+CDMX/@19.3901974,-99.1726936,17z/data=!3m1!4b1!4m5!3m4!1s0x85d1ff748074a165:0x462b12314523324f!8m2!3d19.3901924!4d-99.1705049",-99.1726936,19.3901974,"cdmx","","Av. Magdalena 421, Col del Valle Centro, 03100 Ciudad de México, CDMX, Mexico","Avenida Magdalena","421","Colonia del Valle Centro","03100","Ciudad de México","Ciudad de México","Mexico",19.3901974,-99.1726936
"-99.175, 19.378",-99.175,19.378,"Daño Mayor","lugar: residencial<br>entrecalles: <br>colonia: Del Valle<br>calle: Tlacoquemecatl<br>numero_exterior: 108<br>atrapados: <br>lesionados: <br>desaparecidos: <br>fallecidos: <br>rescatados: <br>link_google_maps: https://goo.gl/maps/AJBNLZSJB8M2<br>lon: -99.175<br>lat: 19.378<br>entidad: CDMX<br>tipo_reporte:",NA,NA,NA,NA,-1,0,-1,NA,NA,"residencial","","Del Valle","Tlacoquemecatl","108","","",NA,"",NA,"https://goo.gl/maps/AJBNLZSJB8M2",-99.175,19.378,"CDMX","","Fresas 63, Tlacoquemecatl del Valle, 03200 Ciudad de México, CDMX, Mexico","Calle Fresas","63","Tlacoquemecatl del Valle","03200","Ciudad de México","Ciudad de México","Mexico",19.378,-99.175
"-99.1765822, 19.4418086",-99.1765822,19.4418086,"Derrumbe","lugar: barda<br>entrecalles: laguna de terminos y lago cuitzeo<br>colonia: anahuac<br>calle: Laguna de Términos<br>numero_exterior: <br>atrapados: <br>lesionados: <br>desaparecidos: <br>fallecidos: <br>rescatados: <br>link_google_maps: https://www.google.com.mx/maps/place/Laguna+de+T%C3%A9rminos+%26+Lago+Cuitzeo,+An%C3%A1huac+I+Secc.,+An%C3%A1huac+I+Secc,+11320+Ciudad+de+M%C3%A9xico,+CDMX/@19.4418086,-99.1765822,16.79z/data=!4m5!3m4!1s0x85d1f8b0a34b9f43:0x2a83cc77acf9f041!8m2!3d19.4424248!4d-99.1743969?hl=es-419<br>lon: -99.1765822000<br>lat: 19.4418086000<br>entidad: cdmx<br>tipo_reporte:",NA,NA,NA,NA,-1,0,-1,NA,NA,"barda","laguna de terminos y lago cuitzeo","anahuac","Laguna de Términos","","","",NA,"",NA,"https://www.google.com.mx/maps/place/Laguna+de+T%C3%A9rminos+%26+Lago+Cuitzeo,+An%C3%A1huac+I+Secc.,+An%C3%A1huac+I+Secc,+11320+Ciudad+de+M%C3%A9xico,+CDMX/@19.4418086,-99.1765822,16.79z/data=!4m5!3m4!1s0x85d1f8b0a34b9f43:0x2a83cc77acf9f041!8m2!3d19.4424248!4d-99.1743969?hl=es-419",-99.1765822,19.4418086,"cdmx","","Lago Chalco 232, Anáhuac I Secc., Anáhuac I Secc, 11320 Ciudad de México, CDMX, Mexico","Lago Chalco","232","Anáhuac I Sección","11320","Ciudad de México","Ciudad de México","Mexico",19.4418086,-99.1765822
"-99.257, 19.401",-99.257,19.401,"Daño Mayor","lugar: Fuente del Pescador<br>entrecalles: <br>colonia: Naucalpan<br>calle: Fuente del Pescador<br>numero_exterior: <br>atrapados: <br>lesionados: <br>desaparecidos: <br>fallecidos: <br>rescatados: <br>link_google_maps: https://goo.gl/maps/aqkJjRsUQEC2<br>lon: -99.257<br>lat: 19.401<br>entidad: Edo Mex<br>tipo_reporte:",NA,NA,NA,NA,-1,0,-1,NA,NA,"Fuente del Pescador","","Naucalpan","Fuente del Pescador","","","",NA,"",NA,"https://goo.gl/maps/aqkJjRsUQEC2",-99.257,19.401,"Edo Mex","","Av. de los Bosques 299, Lomas del Chamizal, 52780 Ciudad de México, CDMX, Mexico","Avenida de los Bosques","299","Lomas del Chamizal","52780","Ciudad de México","Ciudad de México","Mexico",19.401,-99.257
"-99.293, 19.316",-99.293,19.316,"Derrumbe","lugar: <br>entrecalles: tecaxtitla y cacaloac<br>colonia: santa rosa xochiac<br>calle: <br>numero_exterior: <br>atrapados: <br>lesionados: <br>desaparecidos: <br>fallecidos: <br>rescatados: <br>link_google_maps: https://www.google.com.mx/maps/place/Cacaloac,+Santa+Rosa+Xochiac,+01830+Ciudad+de+M%C3%A9xico,+CDMX/@19.3159717,-99.2925334,17z/data=!3m1!4b1!4m5!3m4!1s0x85cdf8ba5c90eb2f:0x5154ea189b7ee787!8m2!3d19.3159717!4d-99.2903447<br>lon: -99.2930000000<br>lat: 19.3160000000<br>entidad: cdmx<br>tipo_reporte: proteccion civil",NA,NA,NA,NA,-1,0,-1,NA,NA,"","tecaxtitla y cacaloac","santa rosa xochiac","","","","",NA,"",NA,"https://www.google.com.mx/maps/place/Cacaloac,+Santa+Rosa+Xochiac,+01830+Ciudad+de+M%C3%A9xico,+CDMX/@19.3159717,-99.2925334,17z/data=!3m1!4b1!4m5!3m4!1s0x85cdf8ba5c90eb2f:0x5154ea189b7ee787!8m2!3d19.3159717!4d-99.2903447",-99.293,19.316,"cdmx","proteccion civil","Texcaltitla 89, Santa Rosa Xochiac, 01830 Ciudad de México, CDMX, Mexico","Texcaltitla","89","Santa Rosa Xochiac","01830","Ciudad de México","Ciudad de México","Mexico",19.316,-99.293
